corr_type,source_left,source_right,product,lag,freq,series_left,series_right,pearson,spearman
between_sources,EU,ProZorro,Інше/невідомо,0,daily,price_pchip,price_pchip,0.7689529229319277,0.758848662383272
between_sources,EU,ProZorro,Інше/невідомо,0,weekly,price_pchip,price_pchip,0.7903118546438421,0.7936210131332083
between_sources,EU,ProZorro,Інше/невідомо,1,weekly,price_pchip,price_pchip,-0.22111709274094069,-0.5852272727272728
between_sources,EU,ProZorro,Інше/невідомо,2,weekly,price_pchip,price_pchip,0.18574598301907003,0.3360323886639676
between_sources,EU,ProZorro,Інше/невідомо,7,daily,price_pchip,price_pchip,-0.031339030245515286,-0.040480842442282075
between_sources,EU,ProZorro,Інше/невідомо,14,daily,price_pchip,price_pchip,-0.04799000650254178,-0.03023956635457337
between_sources,EU,Silpo,Інше/невідомо,0,daily,price_pchip,price_pchip,0.7036896267922405,0.7505738788595241
between_sources,EU,Silpo,Інше/невідомо,0,weekly,price_pchip,price_pchip,0.9044841052648571,0.8147058823529412
between_sources,EU,Silpo,Інше/невідомо,1,weekly,price_pchip,price_pchip,0.5604513838048434,0.5637254901960785
between_sources,EU,Silpo,Інше/невідомо,2,weekly,price_pchip,price_pchip,-0.4627642563176874,-0.40196078431372556
between_sources,EU,Silpo,Інше/невідомо,7,daily,price_pchip,price_pchip,0.15598452371160243,0.05485664719819713
between_sources,EU,Silpo,Інше/невідомо,14,daily,price_pchip,price_pchip,-0.13670310926058685,-0.30568589147286784
between_sources,ProZorro,Silpo,Інше/невідомо,0,daily,price_pchip,price_pchip,0.08501384846662308,0.1438520694700537
between_sources,ProZorro,Silpo,Інше/невідомо,7,daily,price_pchip,price_pchip,0.09382062100686524,0.07496584726779254
between_sources,ProZorro,Silpo,Інше/невідомо,14,daily,price_pchip,price_pchip,-0.20280895380845113,-0.08271680356876245
between_sources,EU,ProZorro,Вершки,0,daily,price_pchip,price_pchip,0.1365849368548465,-0.022506392496713407
between_sources,EU,ProZorro,Вершки,0,weekly,price_pchip,price_pchip,0.33828453030943384,0.295748987854251
between_sources,EU,ProZorro,Вершки,1,weekly,price_pchip,price_pchip,0.3348890726681465,0.317004048582996
between_sources,EU,ProZorro,Вершки,2,weekly,price_pchip,price_pchip,0.2544616227979385,0.20647773279352225
between_sources,EU,ProZorro,Вершки,7,daily,price_pchip,price_pchip,0.15135958510126368,0.017393826364109393
between_sources,EU,ProZorro,Вершки,14,daily,price_pchip,price_pchip,0.09560439871981849,-0.07610305422773496
between_sources,EU,ProducerUA,Вершки,0,daily,price_pchip,price_pchip,0.3385636878540533,0.3676764624413275
between_sources,EU,ProducerUA,Вершки,0,weekly,price_pchip,price_pchip,0.35028264916945484,0.3681379042463999
between_sources,EU,ProducerUA,Вершки,1,weekly,price_pchip,price_pchip,0.35382055601774737,0.37475043967647476
between_sources,EU,ProducerUA,Вершки,2,weekly,price_pchip,price_pchip,0.3482906093306695,0.3667334240535643
between_sources,EU,ProducerUA,Вершки,7,daily,price_pchip,price_pchip,0.34096124769902925,0.3700871962566391
between_sources,EU,ProducerUA,Вершки,14,daily,price_pchip,price_pchip,0.33693652922269385,0.3619470981211177
between_sources,EU,Silpo,Вершки,0,daily,price_pchip,price_pchip,-0.15662326907638527,-0.12212885154061627
between_sources,EU,Silpo,Вершки,7,daily,price_pchip,price_pchip,-0.19329983287188615,-0.21988795518207285
between_sources,EU,Silpo,Вершки,14,daily,price_pchip,price_pchip,-0.1909864131780531,-0.16078431372549024
between_sources,ProZorro,ProducerUA,Вершки,0,daily,price_pchip,price_pchip,0.049274822126882764,0.07127460885841022
between_sources,ProZorro,ProducerUA,Вершки,0,weekly,price_pchip,price_pchip,-0.06019592258574265,-0.05523944997629207
between_sources,ProZorro,ProducerUA,Вершки,1,weekly,price_pchip,price_pchip,0.009115693673181538,0.006893533209322683
between_sources,ProZorro,ProducerUA,Вершки,2,weekly,price_pchip,price_pchip,0.09083690134804394,0.14271255060728746
between_sources,ProZorro,ProducerUA,Вершки,7,daily,price_pchip,price_pchip,0.07630003913768656,0.08652828474044104
between_sources,ProZorro,ProducerUA,Вершки,14,daily,price_pchip,price_pchip,0.124704533653067,0.1762692414620244
between_sources,ProZorro,Silpo,Вершки,0,daily,price_pchip,price_pchip,-0.06413029313791055,-0.24916943521594687
between_sources,ProZorro,Silpo,Вершки,7,daily,price_pchip,price_pchip,0.025815400944721095,-0.00316019771493396
between_sources,ProZorro,Silpo,Вершки,14,daily,price_pchip,price_pchip,-0.4169305791656699,-0.2846572032618544
between_sources,ProducerUA,Silpo,Вершки,0,daily,price_pchip,price_pchip,-0.22063926481763002,-0.299174989144594
between_sources,ProducerUA,Silpo,Вершки,7,daily,price_pchip,price_pchip,-0.2134788461028884,-0.16217976552323057
between_sources,ProducerUA,Silpo,Вершки,14,daily,price_pchip,price_pchip,-0.24830217661332385,-0.1717325227963526
between_sources,Novus,Silpo,Йогурт,7,daily,price_pchip,price_pchip,0.17850082701193157,0.3687593134659932
between_sources,Novus,Silpo,Йогурт,14,daily,price_pchip,price_pchip,0.06330319429279573,0.26996299142885
between_sources,ProducerUA,Silpo,Кефір,0,daily,price_pchip,price_pchip,-0.44875169155801736,-0.3847155883630048
between_sources,ProducerUA,Silpo,Кефір,7,daily,price_pchip,price_pchip,-0.30665342275121243,-0.16521927920104212
between_sources,ProducerUA,Silpo,Кефір,14,daily,price_pchip,price_pchip,-0.28005802383887624,-0.3137212331741207
between_sources,EU,ProZorro,Масло вершкове,0,daily,price_pchip,price_pchip,-0.3958638890778961,-0.48204692185103315
between_sources,EU,ProZorro,Масло вершкове,0,weekly,price_pchip,price_pchip,-0.5818920774276333,-0.6583489681050658
between_sources,EU,ProZorro,Масло вершкове,1,weekly,price_pchip,price_pchip,-0.6043463726073374,-0.7075046904315199
between_sources,EU,ProZorro,Масло вершкове,2,weekly,price_pchip,price_pchip,-0.6220124247542828,-0.712753036437247
between_sources,EU,ProZorro,Масло вершкове,7,daily,price_pchip,price_pchip,-0.41206067324301615,-0.504273253454778
between_sources,EU,ProZorro,Масло вершкове,14,daily,price_pchip,price_pchip,-0.42871946067515965,-0.5072911043116687
between_sources,EU,ProducerUA,Масло вершкове,0,daily,price_pchip,price_pchip,0.7930947534782278,0.7388989590174632
between_sources,EU,ProducerUA,Масло вершкове,0,weekly,price_pchip,price_pchip,0.7991447380037402,0.7463966120710654
between_sources,EU,ProducerUA,Масло вершкове,1,weekly,price_pchip,price_pchip,0.7926050927749063,0.7432960071320461
between_sources,EU,ProducerUA,Масло вершкове,2,weekly,price_pchip,price_pchip,0.7817234858666364,0.7339842151940869
between_sources,EU,ProducerUA,Масло вершкове,7,daily,price_pchip,price_pchip,0.7853552105347797,0.7332334976340051
between_sources,EU,ProducerUA,Масло вершкове,14,daily,price_pchip,price_pchip,0.7737783017072696,0.7235006792167165
between_sources,EU,Silpo,Масло вершкове,0,daily,price_pchip,price_pchip,-0.06635777043711011,-0.03669467787114846
between_sources,EU,Silpo,Масло вершкове,7,daily,price_pchip,price_pchip,-0.09762200874519522,-0.031092436974789917
between_sources,EU,Silpo,Масло вершкове,14,daily,price_pchip,price_pchip,-0.12873764228646645,-0.13529411764705884
between_sources,ProZorro,ProducerUA,Масло вершкове,0,daily,price_pchip,price_pchip,0.08345314771020476,0.13373633714442462
between_sources,ProZorro,ProducerUA,Масло вершкове,0,weekly,price_pchip,price_pchip,0.2207375752759627,0.2622825254404202
between_sources,ProZorro,ProducerUA,Масло вершкове,1,weekly,price_pchip,price_pchip,0.18769713925803405,0.2396761133603239
between_sources,ProZorro,ProducerUA,Масло вершкове,2,weekly,price_pchip,price_pchip,0.14053230779102857,0.18217636022514072
between_sources,ProZorro,ProducerUA,Масло вершкове,7,daily,price_pchip,price_pchip,0.05944760710130514,0.124808415831582
between_sources,ProZorro,ProducerUA,Масло вершкове,14,daily,price_pchip,price_pchip,0.06461069135119908,0.14606937129883926
between_sources,ProZorro,Silpo,Масло вершкове,0,daily,price_pchip,price_pchip,-0.0705101572983463,-0.05522648083623695
between_sources,ProZorro,Silpo,Масло вершкове,7,daily,price_pchip,price_pchip,0.08071591051258176,0.13222996515679447
between_sources,ProZorro,Silpo,Масло вершкове,14,daily,price_pchip,price_pchip,0.2951717845110131,0.2810955352078438
between_sources,ProducerUA,Silpo,Масло вершкове,0,daily,price_pchip,price_pchip,-0.10621020483960268,-0.05796786799826314
between_sources,ProducerUA,Silpo,Масло вершкове,7,daily,price_pchip,price_pchip,-0.24053610449001156,-0.08782023447676944
between_sources,ProducerUA,Silpo,Масло вершкове,14,daily,price_pchip,price_pchip,-0.09193436324323055,-0.1405775075987842
between_sources,CME,ConsumerUA,Молоко питне,0,daily,price_pchip,price_pchip,0.29924255319756543,0.30605849598441004
between_sources,CME,ConsumerUA,Молоко питне,0,weekly,price_pchip,price_pchip,0.31158950904159316,0.3193871706315173
between_sources,CME,ConsumerUA,Молоко питне,1,weekly,price_pchip,price_pchip,0.30300693085706926,0.3234376391884689
between_sources,CME,ConsumerUA,Молоко питне,2,weekly,price_pchip,price_pchip,0.29336450389094876,0.32104134224478725
between_sources,CME,ConsumerUA,Молоко питне,7,daily,price_pchip,price_pchip,0.29962146053707217,0.31689912291860545
between_sources,CME,ConsumerUA,Молоко питне,14,daily,price_pchip,price_pchip,0.286851015094869,0.3090518497776876
between_sources,CME,EU,Молоко питне,0,daily,price_pchip,price_pchip,0.30731977887795275,0.4116781373872708
between_sources,CME,EU,Молоко питне,0,weekly,price_pchip,price_pchip,0.3196867460688807,0.42296301474078657
between_sources,CME,EU,Молоко питне,1,weekly,price_pchip,price_pchip,0.28419083389319144,0.3889124862365033
between_sources,CME,EU,Молоко питне,2,weekly,price_pchip,price_pchip,0.2514548301665495,0.3539858229094981
between_sources,CME,EU,Молоко питне,7,daily,price_pchip,price_pchip,0.2777858248126248,0.3819521583233612
between_sources,CME,EU,Молоко питне,14,daily,price_pchip,price_pchip,0.2460600593563748,0.3507090238460923
between_sources,CME,ProZorro,Молоко питне,0,daily,price_pchip,price_pchip,0.2741124160263934,0.21398773103834975
between_sources,CME,ProZorro,Молоко питне,0,weekly,price_pchip,price_pchip,0.5878622142746462,0.574108818011257
between_sources,CME,ProZorro,Молоко питне,1,weekly,price_pchip,price_pchip,0.5465934722344719,0.47954971857410883
between_sources,CME,ProZorro,Молоко питне,2,weekly,price_pchip,price_pchip,0.5102103990480604,0.42176360225140724
between_sources,CME,ProZorro,Молоко питне,7,daily,price_pchip,price_pchip,0.24777907349005024,0.16179960695929915
between_sources,CME,ProZorro,Молоко питне,14,daily,price_pchip,price_pchip,0.1960989188212056,0.151720271851694
between_sources,CME,ProducerUA,Молоко питне,0,daily,price_pchip,price_pchip,0.3177124584699204,0.30600733289432563
between_sources,CME,ProducerUA,Молоко питне,0,weekly,price_pchip,price_pchip,0.3345310576588605,0.3286381335489795
between_sources,CME,ProducerUA,Молоко питне,1,weekly,price_pchip,price_pchip,0.32521962985008657,0.3310029683243182
between_sources,CME,ProducerUA,Молоко питне,2,weekly,price_pchip,price_pchip,0.3010045926336232,0.31746495075283543
between_sources,CME,ProducerUA,Молоко питне,7,daily,price_pchip,price_pchip,0.30894324739474305,0.3094472830242263
between_sources,CME,ProducerUA,Молоко питне,14,daily,price_pchip,price_pchip,0.2810524195165543,0.2922456537637911
between_sources,CME,Silpo,Молоко питне,0,daily,price_pchip,price_pchip,0.194237213355106,0.36317799847211607
between_sources,CME,Silpo,Молоко питне,7,daily,price_pchip,price_pchip,-0.15510616824326617,0.07379679144385026
between_sources,CME,Silpo,Молоко питне,14,daily,price_pchip,price_pchip,-0.29496936227219717,-0.23763368983957223
between_sources,ConsumerUA,EU,Молоко питне,0,daily,price_pchip,price_pchip,0.7126675585790723,0.7491931841552139
between_sources,ConsumerUA,EU,Молоко питне,0,weekly,price_pchip,price_pchip,0.7243015793768569,0.7651581201466009
between_sources,ConsumerUA,EU,Молоко питне,1,weekly,price_pchip,price_pchip,0.7143242699340827,0.7540994549383854
between_sources,ConsumerUA,EU,Молоко питне,2,weekly,price_pchip,price_pchip,0.7062219973746887,0.7448700019385678
between_sources,ConsumerUA,EU,Молоко питне,7,daily,price_pchip,price_pchip,0.7000585928250894,0.7379479170026346
between_sources,ConsumerUA,EU,Молоко питне,14,daily,price_pchip,price_pchip,0.6919138481746998,0.728943709404495
between_sources,ConsumerUA,Novus,Молоко питне,0,daily,price_pchip,price_pchip,0.1857292721505089,0.15474655476656404
between_sources,ConsumerUA,Novus,Молоко питне,7,daily,price_pchip,price_pchip,0.33265680507555406,0.12727272727272726
between_sources,ConsumerUA,Novus,Молоко питне,14,daily,price_pchip,price_pchip,0.2699956200960648,0.10719183205128044
between_sources,ConsumerUA,ProZorro,Молоко питне,0,daily,price_pchip,price_pchip,-0.11404374055092988,-0.05406964329142322
between_sources,ConsumerUA,ProZorro,Молоко питне,0,weekly,price_pchip,price_pchip,-0.08029571983782169,-0.21069418386491562
between_sources,ConsumerUA,ProZorro,Молоко питне,1,weekly,price_pchip,price_pchip,-0.15784578672636432,-0.24127579737335839
between_sources,ConsumerUA,ProZorro,Молоко питне,2,weekly,price_pchip,price_pchip,-0.2764887617290851,-0.3628517823639775
between_sources,ConsumerUA,ProZorro,Молоко питне,7,daily,price_pchip,price_pchip,-0.14799647193507637,-0.11506534676393639
between_sources,ConsumerUA,ProZorro,Молоко питне,14,daily,price_pchip,price_pchip,-0.16700008584626264,-0.14190060590289363
between_sources,ConsumerUA,ProducerUA,Молоко питне,0,daily,price_pchip,price_pchip,0.9943291802492265,0.9923113413768397
between_sources,ConsumerUA,ProducerUA,Молоко питне,0,weekly,price_pchip,price_pchip,0.9943574361344858,0.9927806051934114
between_sources,ConsumerUA,ProducerUA,Молоко питне,1,weekly,price_pchip,price_pchip,0.942828362613636,0.9391128670230174
between_sources,ConsumerUA,ProducerUA,Молоко питне,2,weekly,price_pchip,price_pchip,0.848558403924559,0.847068941261471
between_sources,ConsumerUA,ProducerUA,Молоко питне,7,daily,price_pchip,price_pchip,0.919611511163026,0.9163031783063914
between_sources,ConsumerUA,ProducerUA,Молоко питне,14,daily,price_pchip,price_pchip,0.8282565468745957,0.8252673674982488
between_sources,ConsumerUA,Silpo,Молоко питне,0,daily,price_pchip,price_pchip,-0.15616720231546638,-0.14046895353886235
between_sources,ConsumerUA,Silpo,Молоко питне,7,daily,price_pchip,price_pchip,-0.08031075216965339,-0.1715154146765089
between_sources,ConsumerUA,Silpo,Молоко питне,14,daily,price_pchip,price_pchip,-0.29248513120436326,-0.2749674337820235
between_sources,EU,ProZorro,Молоко питне,0,daily,price_pchip,price_pchip,0.033079785338920344,0.027754729950368234
between_sources,EU,ProZorro,Молоко питне,0,weekly,price_pchip,price_pchip,-0.09674680835873797,0.02288930581613509
between_sources,EU,ProZorro,Молоко питне,1,weekly,price_pchip,price_pchip,-0.11640455591602294,-0.04071294559099438
between_sources,EU,ProZorro,Молоко питне,2,weekly,price_pchip,price_pchip,0.058750243175944857,0.0854251012145749
between_sources,EU,ProZorro,Молоко питне,7,daily,price_pchip,price_pchip,-0.006423650089319772,-0.051863972755219534
between_sources,EU,ProZorro,Молоко питне,14,daily,price_pchip,price_pchip,0.04779437502313615,-0.0355723555226417
between_sources,EU,ProducerUA,Молоко питне,0,daily,price_pchip,price_pchip,0.696492868331791,0.7173339113791939
between_sources,EU,ProducerUA,Молоко питне,0,weekly,price_pchip,price_pchip,0.7078604116099961,0.732787190699863
between_sources,EU,ProducerUA,Молоко питне,1,weekly,price_pchip,price_pchip,0.712705277673113,0.7412208055320093
between_sources,EU,ProducerUA,Молоко питне,2,weekly,price_pchip,price_pchip,0.7126771882680972,0.7446234541662642
between_sources,EU,ProducerUA,Молоко питне,7,daily,price_pchip,price_pchip,0.7004046598593577,0.7240746052797737
between_sources,EU,ProducerUA,Молоко питне,14,daily,price_pchip,price_pchip,0.7006703810367999,0.727967987252564
between_sources,EU,Silpo,Молоко питне,0,daily,price_pchip,price_pchip,0.17308704239253184,0.17030812324929973
between_sources,EU,Silpo,Молоко питне,7,daily,price_pchip,price_pchip,-0.3013088519893242,-0.3196078431372549
between_sources,EU,Silpo,Молоко питне,14,daily,price_pchip,price_pchip,-0.3191296370850484,-0.27787114845938377
between_sources,Novus,ProducerUA,Молоко питне,14,daily,price_pchip,price_pchip,-0.14881601600183933,-0.12467532467532469
between_sources,ProZorro,ProducerUA,Молоко питне,0,daily,price_pchip,price_pchip,-0.11919490573240266,-0.043418972552718184
between_sources,ProZorro,ProducerUA,Молоко питне,0,weekly,price_pchip,price_pchip,-0.07158569052880222,-0.1719006455848561
between_sources,ProZorro,ProducerUA,Молоко питне,1,weekly,price_pchip,price_pchip,-0.021941562371483325,-0.039473684210526314
between_sources,ProZorro,ProducerUA,Молоко питне,2,weekly,price_pchip,price_pchip,0.13837487535950727,0.10075046904315198
between_sources,ProZorro,ProducerUA,Молоко питне,7,daily,price_pchip,price_pchip,-0.03625445276133798,0.04637725031293852
between_sources,ProZorro,ProducerUA,Молоко питне,14,daily,price_pchip,price_pchip,0.07022984765805244,0.1432302561993182
between_sources,ProZorro,Silpo,Молоко питне,0,daily,price_pchip,price_pchip,0.018950850883855893,0.08392603129445234
between_sources,ProZorro,Silpo,Молоко питне,7,daily,price_pchip,price_pchip,0.2000777474902628,0.28372907320275736
between_sources,ProZorro,Silpo,Молоко питне,14,daily,price_pchip,price_pchip,0.10156320399507712,0.23039399624765483
between_sources,ProducerUA,Silpo,Молоко питне,0,daily,price_pchip,price_pchip,-0.15280515115963814,-0.19463742943986104
between_sources,ProducerUA,Silpo,Молоко питне,7,daily,price_pchip,price_pchip,-0.0780843264063494,-0.18562744246634824
between_sources,ProducerUA,Silpo,Молоко питне,14,daily,price_pchip,price_pchip,-0.29420179582354755,-0.2748588797221016
between_sources,ProZorro,Silpo,Сир кисломолочний,0,daily,price_pchip,price_pchip,0.2800334436364827,0.29439775910364147
between_sources,ProZorro,Silpo,Сир кисломолочний,7,daily,price_pchip,price_pchip,0.10665714682339526,0.03674727358937885
between_sources,ProZorro,Silpo,Сир кисломолочний,14,daily,price_pchip,price_pchip,-0.1700480628464496,-0.13744939271255063
between_sources,ConsumerUA,EU,Сир твердий,0,daily,price_pchip,price_pchip,0.7431085665278738,0.7542992814677459
between_sources,ConsumerUA,EU,Сир твердий,0,weekly,price_pchip,price_pchip,0.7524084495955645,0.7657462867262077
between_sources,ConsumerUA,EU,Сир твердий,1,weekly,price_pchip,price_pchip,0.7439098255882197,0.7540046033180415
between_sources,ConsumerUA,EU,Сир твердий,2,weekly,price_pchip,price_pchip,0.7423661201368158,0.7514248357997699
between_sources,ConsumerUA,EU,Сир твердий,7,daily,price_pchip,price_pchip,0.7298728754787885,0.7373669358577026
between_sources,ConsumerUA,EU,Сир твердий,14,daily,price_pchip,price_pchip,0.7285579502597065,0.7336837486016382
between_sources,ConsumerUA,Novus,Сир твердий,0,daily,price_pchip,price_pchip,-0.17908733576996175,-0.21138115145583913
between_sources,ConsumerUA,Novus,Сир твердий,7,daily,price_pchip,price_pchip,-0.044434683603831814,-0.12640815931398686
between_sources,ConsumerUA,Novus,Сир твердий,14,daily,price_pchip,price_pchip,0.06927903954982605,0.1270030398242419
between_sources,ConsumerUA,ProZorro,Сир твердий,0,daily,price_pchip,price_pchip,0.040130058693084884,0.07421586060899535
between_sources,ConsumerUA,ProZorro,Сир твердий,0,weekly,price_pchip,price_pchip,0.13695203194940136,0.15572232645403378
between_sources,ConsumerUA,ProZorro,Сир твердий,1,weekly,price_pchip,price_pchip,0.08793176854578436,0.17223264540337713
between_sources,ConsumerUA,ProZorro,Сир твердий,2,weekly,price_pchip,price_pchip,0.04500362378542326,0.16360992559862966
between_sources,ConsumerUA,ProZorro,Сир твердий,7,daily,price_pchip,price_pchip,0.03089295137495161,0.10545461195482803
between_sources,ConsumerUA,ProZorro,Сир твердий,14,daily,price_pchip,price_pchip,0.05427156543378453,0.1429193172705117
between_sources,ConsumerUA,ProducerUA,Сир твердий,0,daily,price_pchip,price_pchip,0.9887218125421992,0.9872748593681128
between_sources,ConsumerUA,ProducerUA,Сир твердий,0,weekly,price_pchip,price_pchip,0.9889508978692606,0.9875442110167171
between_sources,ConsumerUA,ProducerUA,Сир твердий,1,weekly,price_pchip,price_pchip,0.9450399869291128,0.940015291373841
between_sources,ConsumerUA,ProducerUA,Сир твердий,2,weekly,price_pchip,price_pchip,0.8620544120447317,0.859431766044101
between_sources,ConsumerUA,ProducerUA,Сир твердий,7,daily,price_pchip,price_pchip,0.9225270706258264,0.9180121545879285
between_sources,ConsumerUA,ProducerUA,Сир твердий,14,daily,price_pchip,price_pchip,0.8424124078614291,0.8394660722434589
between_sources,ConsumerUA,Silpo,Сир твердий,0,daily,price_pchip,price_pchip,-0.01371556880129697,0.08228397742075554
between_sources,ConsumerUA,Silpo,Сир твердий,7,daily,price_pchip,price_pchip,-0.058180245727329605,-0.14253148067737734
between_sources,ConsumerUA,Silpo,Сир твердий,14,daily,price_pchip,price_pchip,-0.3810721442263271,-0.26487190620929224
between_sources,EU,Novus,Сир твердий,0,daily,price_pchip,price_pchip,-0.0802936107605772,-0.134623946368088
between_sources,EU,Novus,Сир твердий,7,daily,price_pchip,price_pchip,0.0015257971935213402,-0.1397418815192715
between_sources,EU,Novus,Сир твердий,14,daily,price_pchip,price_pchip,0.11072590953952408,0.08061069078075603
between_sources,EU,ProZorro,Сир твердий,0,daily,price_pchip,price_pchip,-0.09436934547328886,-0.17684281318190864
between_sources,EU,ProZorro,Сир твердий,0,weekly,price_pchip,price_pchip,-0.2670193662358657,-0.27335834896810507
between_sources,EU,ProZorro,Сир твердий,1,weekly,price_pchip,price_pchip,-0.3755620083401494,-0.3195121951219513
between_sources,EU,ProZorro,Сир твердий,2,weekly,price_pchip,price_pchip,-0.3414702453322536,-0.297165991902834
between_sources,EU,ProZorro,Сир твердий,7,daily,price_pchip,price_pchip,-0.16950938536584464,-0.2102874979967913
between_sources,EU,ProZorro,Сир твердий,14,daily,price_pchip,price_pchip,-0.1242521436417492,-0.1553028417222697
between_sources,EU,ProducerUA,Сир твердий,0,daily,price_pchip,price_pchip,0.676835047461633,0.6637987566791136
between_sources,EU,ProducerUA,Сир твердий,0,weekly,price_pchip,price_pchip,0.6879527605160353,0.6836014917982032
between_sources,EU,ProducerUA,Сир твердий,1,weekly,price_pchip,price_pchip,0.6907576008585604,0.6948659978898486
between_sources,EU,ProducerUA,Сир твердий,2,weekly,price_pchip,price_pchip,0.6900859288617891,0.6977838485021781
between_sources,EU,ProducerUA,Сир твердий,7,daily,price_pchip,price_pchip,0.6773492124945646,0.672771692613944
between_sources,EU,ProducerUA,Сир твердий,14,daily,price_pchip,price_pchip,0.6767612962802803,0.6770605032397067
between_sources,EU,Silpo,Сир твердий,0,daily,price_pchip,price_pchip,0.01503369762439692,0.017647058823529415
between_sources,EU,Silpo,Сир твердий,7,daily,price_pchip,price_pchip,0.04048352171520568,-0.01596638655462185
between_sources,EU,Silpo,Сир твердий,14,daily,price_pchip,price_pchip,-0.18547898165359564,-0.20140056022408967
between_sources,Novus,ProZorro,Сир твердий,0,daily,price_pchip,price_pchip,-0.20114383934801688,-0.28047663166053455
between_sources,Novus,ProZorro,Сир твердий,7,daily,price_pchip,price_pchip,0.016037988736972642,-0.025005041847384123
between_sources,Novus,ProZorro,Сир твердий,14,daily,price_pchip,price_pchip,-0.286670131928233,-0.16616253614713322
between_sources,Novus,ProducerUA,Сир твердий,0,daily,price_pchip,price_pchip,-0.16236003168570914,-0.22167002159313082
between_sources,Novus,ProducerUA,Сир твердий,7,daily,price_pchip,price_pchip,-0.06779280420202438,-0.34140750462625247
between_sources,Novus,ProducerUA,Сир твердий,14,daily,price_pchip,price_pchip,-0.007345888168614791,-0.1562630345214726
between_sources,Novus,Silpo,Сир твердий,0,daily,price_pchip,price_pchip,0.11924189327160514,0.29698019399139847
between_sources,Novus,Silpo,Сир твердий,7,daily,price_pchip,price_pchip,-0.4139767649030091,-0.33999453778711913
between_sources,Novus,Silpo,Сир твердий,14,daily,price_pchip,price_pchip,0.28697939705796666,0.3418017764607077
between_sources,ProZorro,ProducerUA,Сир твердий,0,daily,price_pchip,price_pchip,0.05428461395580512,0.10677927220398319
between_sources,ProZorro,ProducerUA,Сир твердий,0,weekly,price_pchip,price_pchip,0.18850467170632276,0.21172994857205382
between_sources,ProZorro,ProducerUA,Сир твердий,1,weekly,price_pchip,price_pchip,0.25769953711431975,0.25728744939271253
between_sources,ProZorro,ProducerUA,Сир твердий,2,weekly,price_pchip,price_pchip,0.17429068024655547,0.1857410881801126
between_sources,ProZorro,ProducerUA,Сир твердий,7,daily,price_pchip,price_pchip,0.10175591292331312,0.13927133787552665
between_sources,ProZorro,ProducerUA,Сир твердий,14,daily,price_pchip,price_pchip,0.09626408033276362,0.11368816567755448
between_sources,ProZorro,Silpo,Сир твердий,0,daily,price_pchip,price_pchip,-0.29680950076930734,-0.2994857205383521
between_sources,ProZorro,Silpo,Сир твердий,7,daily,price_pchip,price_pchip,0.10918721422141611,0.17299485720538352
between_sources,ProZorro,Silpo,Сир твердий,14,daily,price_pchip,price_pchip,0.059688930518732086,0.08742750848014005
between_sources,ProducerUA,Silpo,Сир твердий,0,daily,price_pchip,price_pchip,-0.03658915802878181,-0.037895190495097666
between_sources,ProducerUA,Silpo,Сир твердий,7,daily,price_pchip,price_pchip,-0.07187922654334275,-0.22449645216102168
between_sources,ProducerUA,Silpo,Сир твердий,14,daily,price_pchip,price_pchip,-0.38077346634235226,-0.2655410272115011
between_sources,ConsumerUA,ProZorro,Сметана,0,daily,price_pchip,price_pchip,0.01957750041124806,0.029721685764349724
between_sources,ConsumerUA,ProZorro,Сметана,0,weekly,price_pchip,price_pchip,0.03894846872940652,0.04296435272045029
between_sources,ConsumerUA,ProZorro,Сметана,1,weekly,price_pchip,price_pchip,0.02943026406274735,0.08105065666041278
between_sources,ConsumerUA,ProZorro,Сметана,2,weekly,price_pchip,price_pchip,0.09050930072298158,0.12926829268292683
between_sources,ConsumerUA,ProZorro,Сметана,7,daily,price_pchip,price_pchip,-0.042170382495588826,-0.0021425917406101857
between_sources,ConsumerUA,ProZorro,Сметана,14,daily,price_pchip,price_pchip,0.06834412633811189,0.11134843048123316
between_sources,ConsumerUA,ProducerUA,Сметана,0,daily,price_pchip,price_pchip,0.9961158905875714,0.9950278292766597
between_sources,ConsumerUA,ProducerUA,Сметана,0,weekly,price_pchip,price_pchip,0.9962428589797067,0.9950400240929272
between_sources,ConsumerUA,ProducerUA,Сметана,1,weekly,price_pchip,price_pchip,0.9572654121909118,0.9553833695174979
between_sources,ConsumerUA,ProducerUA,Сметана,2,weekly,price_pchip,price_pchip,0.8841648929832249,0.8871587807338587
between_sources,ConsumerUA,ProducerUA,Сметана,7,daily,price_pchip,price_pchip,0.9388502314262073,0.9389790682935688
between_sources,ConsumerUA,ProducerUA,Сметана,14,daily,price_pchip,price_pchip,0.8676022123691789,0.8718301323910529
between_sources,ConsumerUA,Silpo,Сметана,0,daily,price_pchip,price_pchip,-0.026842933493052973,-0.030480631191816838
between_sources,ConsumerUA,Silpo,Сметана,7,daily,price_pchip,price_pchip,-0.19788972990906292,-0.2636903525766888
between_sources,ConsumerUA,Silpo,Сметана,14,daily,price_pchip,price_pchip,-0.29829224216255235,-0.31561124072285957
between_sources,ProZorro,ProducerUA,Сметана,0,daily,price_pchip,price_pchip,0.010790824482591948,0.032705935357932654
between_sources,ProZorro,ProducerUA,Сметана,0,weekly,price_pchip,price_pchip,0.04041541495561859,0.053069263595579376
between_sources,ProZorro,ProducerUA,Сметана,1,weekly,price_pchip,price_pchip,0.0784818881858337,0.0757085020242915
between_sources,ProZorro,ProducerUA,Сметана,2,weekly,price_pchip,price_pchip,0.07326267471469924,0.13433395872420265
between_sources,ProZorro,ProducerUA,Сметана,7,daily,price_pchip,price_pchip,0.006529118072207306,0.006948752751495619
between_sources,ProZorro,ProducerUA,Сметана,14,daily,price_pchip,price_pchip,0.029137614638176206,0.03208835914819569
between_sources,ProZorro,Silpo,Сметана,0,daily,price_pchip,price_pchip,-0.022090190341393583,-0.15461210198052305
between_sources,ProZorro,Silpo,Сметана,7,daily,price_pchip,price_pchip,-0.03965140961947863,0.012145748987854251
between_sources,ProZorro,Silpo,Сметана,14,daily,price_pchip,price_pchip,0.019434647415375893,-0.031187385779114386
between_sources,ProducerUA,Silpo,Сметана,0,daily,price_pchip,price_pchip,-0.03907449480034125,-0.12308237189417971
between_sources,ProducerUA,Silpo,Сметана,7,daily,price_pchip,price_pchip,-0.1974385918610027,-0.2862622453876633
between_sources,ProducerUA,Silpo,Сметана,14,daily,price_pchip,price_pchip,-0.29948795703794495,-0.30592136748119453
within_variant,ProducerUA,ProducerUA,Вершки,0,daily,price_real,price_linear,0.9999999999999999,1.0
within_variant,ProducerUA,ProducerUA,Вершки,0,daily,price_real,price_pchip,0.9993490414101507,0.9991578547952584
within_variant,ProducerUA,ProducerUA,Вершки,0,daily,price_linear,price_pchip,0.9993490414101507,0.9991578547952584
within_variant,ProducerUA,ProducerUA,Кефір,0,daily,price_real,price_linear,0.9999999999999999,1.0
within_variant,ProducerUA,ProducerUA,Кефір,0,daily,price_real,price_pchip,0.9995664828564343,0.9994518822364344
within_variant,ProducerUA,ProducerUA,Кефір,0,daily,price_linear,price_pchip,0.9995664828564343,0.9994518822364344
within_variant,ProducerUA,ProducerUA,Масло вершкове,0,daily,price_real,price_linear,0.9999999999999999,1.0
within_variant,ProducerUA,ProducerUA,Масло вершкове,0,daily,price_real,price_pchip,0.9997882455497601,0.9996764091502303
within_variant,ProducerUA,ProducerUA,Масло вершкове,0,daily,price_linear,price_pchip,0.9997882455497601,0.9996764091502303
within_variant,ConsumerUA,ConsumerUA,Молоко питне,0,daily,price_real,price_linear,1.0,0.9999999999999998
within_variant,ConsumerUA,ConsumerUA,Молоко питне,0,daily,price_real,price_pchip,0.9995523375149811,0.9994421090844146
within_variant,ConsumerUA,ConsumerUA,Молоко питне,0,daily,price_linear,price_pchip,0.9995523375149811,0.9994421090844146
within_variant,ProducerUA,ProducerUA,Молоко питне,0,daily,price_real,price_linear,1.0,1.0
within_variant,ProducerUA,ProducerUA,Молоко питне,0,daily,price_real,price_pchip,0.9995310098836171,0.9992523798426814
within_variant,ProducerUA,ProducerUA,Молоко питне,0,daily,price_linear,price_pchip,0.9995310098836171,0.9992523798426814
within_variant,ConsumerUA,ConsumerUA,Сир твердий,0,daily,price_real,price_linear,1.0,1.0
within_variant,ConsumerUA,ConsumerUA,Сир твердий,0,daily,price_real,price_pchip,0.9996495010801055,0.9995036962007005
within_variant,ConsumerUA,ConsumerUA,Сир твердий,0,daily,price_linear,price_pchip,0.9996495010801055,0.9995036962007005
within_variant,ProducerUA,ProducerUA,Сир твердий,0,daily,price_real,price_linear,1.0,1.0
within_variant,ProducerUA,ProducerUA,Сир твердий,0,daily,price_real,price_pchip,0.9995095874593959,0.9992442659483455
within_variant,ProducerUA,ProducerUA,Сир твердий,0,daily,price_linear,price_pchip,0.9995095874593959,0.9992442659483455
within_variant,ConsumerUA,ConsumerUA,Сметана,0,daily,price_real,price_linear,0.9999999999999999,1.0
within_variant,ConsumerUA,ConsumerUA,Сметана,0,daily,price_real,price_pchip,0.9996747135047312,0.9996120519123788
within_variant,ConsumerUA,ConsumerUA,Сметана,0,daily,price_linear,price_pchip,0.9996747135047312,0.9996120519123788
within_variant,ProducerUA,ProducerUA,Сметана,0,daily,price_real,price_linear,1.0,1.0
within_variant,ProducerUA,ProducerUA,Сметана,0,daily,price_real,price_pchip,0.9996105894517224,0.9994742258924796
within_variant,ProducerUA,ProducerUA,Сметана,0,daily,price_linear,price_pchip,0.9996105894517224,0.9994742258924796
