item_key,silpo_product,silpo_brand_norm,silpo_canonical_name,silpo_first_name,novus_brand_norm,novus_canonical_name,novus_first_name,silpo_n_rows,novus_n_rows,strict_alignment_flag,combined_rows
milk|褋械谢褟薪褋褜泻邪|milk,milk,褋械谢褟薪褋褜泻邪,milk,袪褟卸邪薪泻邪 锌谢褟褕泻邪,褋械谢褟薪褋褜泻邪,milk,袪褟卸邪薪泻邪,192.0,1.0,1,193.0
yogurt_dessert|邪泻褌懈胁褨邪|斜褨褎褨写芯泄芯谐褍褉褌 斜邪薪邪薪 泻褨胁褨 斜械蟹谢邪泻褌芯蟹薪懈泄,yogurt_dessert,邪泻褌懈胁褨邪,斜褨褎褨写芯泄芯谐褍褉褌 斜邪薪邪薪 泻褨胁褨 斜械蟹谢邪泻褌芯蟹薪懈泄,袘褨褎褨写芯泄芯谐褍褉褌 袘邪薪邪薪 泻褨胁褨 斜械蟹谢邪泻褌芯蟹薪懈泄,邪泻褌懈胁褨邪,斜褨褎褨写芯泄芯谐褍褉褌 斜邪薪邪薪 泻褨胁褨 斜械蟹谢邪泻褌芯蟹薪懈泄,袘褨褎褨写芯泄芯谐褍褉褌 袘邪薪邪薪-泻褨胁褨 斜械蟹谢邪泻褌芯蟹薪懈泄,96.0,2.0,1,98.0
butter|褟谐芯褌懈薪褋褜泻械|褌芯锌谢械薪械,butter,褟谐芯褌懈薪褋褜泻械,褌芯锌谢械薪械,袦邪褋谢芯 褌芯锌谢械薪械,褟谐芯褌懈薪褋褜泻械,褌芯锌谢械薪械,袦邪褋谢芯 褌芯锌谢械薪械,96.0,1.0,1,97.0
milk|薪邪 蟹写芯褉芯胁 褟|写懈褌褟褔械,milk,薪邪 蟹写芯褉芯胁 褟,写懈褌褟褔械,袦芯谢芯泻芯 褍谢褜褌褉邪锌邪褋褌械褉懈蟹芯胁邪薪械 写懈褌褟褔械,薪邪 蟹写芯褉芯胁 褟,写懈褌褟褔械,袦芯谢芯泻芯 袛懈褌褟褔械 褍谢褜褌褉邪锌邪褋褌械褉懈蟹芯胁邪薪械,96.0,1.0,1,97.0
milk|褋械谢褟薪褋褜泻械|屑褨泻褉芯褎褨谢褜褌褉芯胁邪薪械 薪械蟹斜懈褉邪薪械,milk,褋械谢褟薪褋褜泻械,屑褨泻褉芯褎褨谢褜褌褉芯胁邪薪械 薪械蟹斜懈褉邪薪械,"袦芯谢芯泻芯 锌邪褋褌械褉懈蟹芯胁邪薪械 屑褨泻褉芯褎褨谢褜褌褉芯胁邪薪械 薪械蟹斜懈褉邪薪械 3,4-",褋械谢褟薪褋褜泻械,屑褨泻褉芯褎褨谢褜褌褉芯胁邪薪械 薪械蟹斜懈褉邪薪械,"袦芯谢芯泻芯 屑褨泻褉芯褎褨谢褜褌褉芯胁邪薪械 薪械蟹斜懈褉邪薪械 3,4-",96.0,1.0,1,97.0
yogurt_dessert|谐邪谢懈褔懈薪邪|泻邪褉锌邪褌褋褜泻懈泄 褔芯褉薪懈褑褟,yogurt_dessert,谐邪谢懈褔懈薪邪,泻邪褉锌邪褌褋褜泻懈泄 褔芯褉薪懈褑褟,袡芯谐褍褉褌 袣邪褉锌邪褌褋褜泻懈泄 褔芯褉薪懈褑褟,谐邪谢懈褔懈薪邪,泻邪褉锌邪褌褋褜泻懈泄 褔芯褉薪懈褑褟,袡芯谐褍褉褌 袣邪褉锌邪褌褋褜泻懈泄 效芯褉薪懈褑褟,96.0,1.0,1,97.0
yogurt_dessert|褎邪薪薪褨|写懈薪褟 锌械褉褋懈泻,yogurt_dessert,褎邪薪薪褨,写懈薪褟 锌械褉褋懈泻,袡芯谐褍褉褌 写懈薪褟-锌械褉褋懈泻 锌懈褌薪懈泄 锌谢褟褕泻邪,褎邪薪薪褨,写懈薪褟 锌械褉褋懈泻,袡芯谐褍褉褌 写懈薪褟-锌械褉褋懈泻,96.0,1.0,1,97.0
yogurt_dessert|褟谐芯褌懈薪褋褜泻懈泄|屑邪薪谐芯 褌邪 褋芯泻芯屑 屑邪褉邪泻褍褩,yogurt_dessert,褟谐芯褌懈薪褋褜泻懈泄,屑邪薪谐芯 褌邪 褋芯泻芯屑 屑邪褉邪泻褍褩,袡芯谐褍褉褌 蟹 屑邪薪谐芯 褌邪 褋芯泻芯屑 屑邪褉邪泻褍褩,褟谐芯褌懈薪褋褜泻懈泄,屑邪薪谐芯 褌邪 褋芯泻芯屑 屑邪褉邪泻褍褩,袡芯谐褍褉褌 蟹 屑邪薪谐芯 褌邪 褋芯泻芯屑 屑邪褉邪泻褍褩,96.0,1.0,1,97.0
yogurt_dessert|褟谐芯褌懈薪褋褜泻懈泄|锌械褉褋懈泻芯屑,yogurt_dessert,褟谐芯褌懈薪褋褜泻懈泄,锌械褉褋懈泻芯屑,袡芯谐褍褉褌 蟹 锌械褉褋懈泻芯屑 锌懈褌薪懈泄 锌谢褟褕泻邪,褟谐芯褌懈薪褋褜泻懈泄,锌械褉褋懈泻芯屑,袡芯谐褍褉褌 蟹 锌械褉褋懈泻芯屑,96.0,1.0,1,97.0
yogurt_dessert|褟谐芯褌懈薪褋褜泻懈泄|锌芯谢褍薪懈褑械褞,yogurt_dessert,褟谐芯褌懈薪褋褜泻懈泄,锌芯谢褍薪懈褑械褞,袡芯谐褍褉褌 蟹 锌芯谢褍薪懈褑械褞 锌懈褌薪懈泄 锌谢褟褕泻邪,褟谐芯褌懈薪褋褜泻懈泄,锌芯谢褍薪懈褑械褞,袡芯谐褍褉褌 蟹 锌芯谢褍薪懈褑械褞,96.0,1.0,1,97.0
yogurt_dessert|谐邪谢懈褔懈薪邪|泻邪褉锌邪褌褋褜泻懈泄 谢褨褋芯胁邪 褟谐芯写邪,yogurt_dessert,谐邪谢懈褔懈薪邪,泻邪褉锌邪褌褋褜泻懈泄 谢褨褋芯胁邪 褟谐芯写邪,袡芯谐褍褉褌 袣邪褉锌邪褌褋褜泻懈泄 谢褨褋芯胁邪 褟谐芯写邪,谐邪谢懈褔懈薪邪,泻邪褉锌邪褌褋褜泻懈泄 谢褨褋芯胁邪 褟谐芯写邪,袡芯谐褍褉褌 袣邪褉锌邪褌褋褜泻懈泄 谢褨褋芯胁邪 褟谐芯写邪,95.0,1.0,1,96.0
milk|锌褉芯褋褌芯薪邪褕械|锌褉褟卸械薪械,milk,锌褉芯褋褌芯薪邪褕械,锌褉褟卸械薪械,袦芯谢芯泻芯 锌褉褟卸械薪械 锌谢褟褕泻邪,锌褉芯褋褌芯薪邪褕械,锌褉褟卸械薪械,袦芯谢芯泻芯 锌褉褟卸械薪械,50.0,1.0,1,51.0
yogurt_dessert|邪泻褌懈胁褨邪|斜褨褎褨写芯泄芯谐褍褉褌 锌械褉褋懈泻 屑邪薪谐芯 斜械蟹谢邪泻褌芯蟹薪懈泄,yogurt_dessert,邪泻褌懈胁褨邪,斜褨褎褨写芯泄芯谐褍褉褌 锌械褉褋懈泻 屑邪薪谐芯 斜械蟹谢邪泻褌芯蟹薪懈泄,袘褨褎褨写芯泄芯谐褍褉褌 锌械褉褋懈泻-屑邪薪谐芯 斜械蟹谢邪泻褌芯蟹薪懈泄,邪泻褌懈胁褨邪,斜褨褎褨写芯泄芯谐褍褉褌 锌械褉褋懈泻 屑邪薪谐芯 斜械蟹谢邪泻褌芯蟹薪懈泄,袘褨褎褨写芯泄芯谐褍褉褌 袩械褉褋懈泻-屑邪薪谐芯 斜械蟹谢邪泻褌芯蟹薪懈泄,50.0,1.0,1,51.0
butter|褋械谢褟薪褋褜泻械|斜褍褌械褉斜褉芯写薪械,butter,褋械谢褟薪褋褜泻械,斜褍褌械褉斜褉芯写薪械,袦邪褋谢芯 褋芯谢芯写泻芯胁械褉褕泻芯胁械 斜褍褌械褉斜褉芯写薪械,褋械谢褟薪褋褜泻械,斜褍褌械褉斜褉芯写薪械,袦邪褋谢芯 袘褍褌械褉斜褉芯写薪械,48.0,1.0,1,49.0
cottage_cheese|胁芯谢芯褕泻芯胁械 锌芯谢械|斜械蟹谢邪泻褌芯蟹薪懈泄,cottage_cheese,胁芯谢芯褕泻芯胁械 锌芯谢械,斜械蟹谢邪泻褌芯蟹薪懈泄,小懈褉 泻懈褋谢芯屑芯谢芯褔薪懈泄 斜械蟹谢邪泻褌芯蟹薪懈泄 锌邪泻械褌,胁芯谢芯褕泻芯胁械 锌芯谢械,斜械蟹谢邪泻褌芯蟹薪懈泄,小懈褉 泻懈褋谢芯屑芯谢芯褔薪懈泄 斜械蟹谢邪泻褌芯蟹薪懈泄,48.0,1.0,1,49.0
cottage_cheese|谐邪谢懈褔懈薪邪|斜械蟹谢邪泻褌芯蟹薪懈泄,cottage_cheese,谐邪谢懈褔懈薪邪,斜械蟹谢邪泻褌芯蟹薪懈泄,小懈褉 泻懈褋谢芯屑芯谢芯褔薪懈泄 斜械蟹谢邪泻褌芯蟹薪懈泄,谐邪谢懈褔懈薪邪,斜械蟹谢邪泻褌芯蟹薪懈泄,小懈褉 泻懈褋谢芯屑芯谢芯褔薪懈泄 斜械蟹谢邪泻褌芯蟹薪懈泄,48.0,1.0,1,49.0
cottage_cheese|蟹胁械薪懈 谐芯褉邪|泻褍褉邪谐芯褞,cottage_cheese,蟹胁械薪懈 谐芯褉邪,泻褍褉邪谐芯褞,小懈褉 泻懈褋谢芯屑芯谢芯褔薪懈泄 蟹 泻褍褉邪谐芯褞,蟹胁械薪懈 谐芯褉邪,泻褍褉邪谐芯褞,小懈褉 泻懈褋谢芯屑芯谢芯褔薪懈泄 蟹 泻褍褉邪谐芯褞,48.0,1.0,1,49.0
cottage_cheese|蟹胁械薪懈 谐芯褉邪|褉芯写蟹懈薪泻邪屑懈,cottage_cheese,蟹胁械薪懈 谐芯褉邪,褉芯写蟹懈薪泻邪屑懈,小懈褉 泻懈褋谢芯屑芯谢芯褔薪懈泄 蟹 褉芯写蟹懈薪泻邪屑懈,蟹胁械薪懈 谐芯褉邪,褉芯写蟹懈薪泻邪屑懈,小懈褉 泻懈褋谢芯屑芯谢芯褔薪懈泄 蟹 褉芯写蟹懈薪泻邪屑懈,48.0,1.0,1,49.0
cottage_cheese|蟹胁械薪懈 谐芯褉邪|褌褉邪写懈褑褨泄薪懈泄,cottage_cheese,蟹胁械薪懈 谐芯褉邪,褌褉邪写懈褑褨泄薪懈泄,小懈褉 泻懈褋谢芯屑芯谢芯褔薪懈泄 袛芯屑邪褕薪褨泄 褌褉邪写懈褑褨泄薪懈泄,蟹胁械薪懈 谐芯褉邪,褌褉邪写懈褑褨泄薪懈泄,小懈褉 泻懈褋谢芯屑芯谢芯褔薪懈泄 孝褉邪写懈褑褨泄薪懈泄,48.0,1.0,1,49.0
cream|president|泻褍谢褨薪邪褉 胁械褉褕泻邪屑懈,cream,president,泻褍谢褨薪邪褉 胁械褉褕泻邪屑懈,小懈褉 泻懈褋谢芯屑芯谢芯褔薪懈泄 袣褍谢褨薪邪褉 蟹 胁械褉褕泻邪屑懈,president,泻褍谢褨薪邪褉 胁械褉褕泻邪屑懈,小懈褉 泻懈褋谢芯屑芯谢芯褔薪懈泄 袣褍谢褨薪邪褉 蟹 胁械褉褕泻邪屑懈,48.0,1.0,1,49.0
cream|谐邪谢懈褔懈薪邪|cream,cream,谐邪谢懈褔懈薪邪,cream,袙械褉褕泻懈,谐邪谢懈褔懈薪邪,cream,袙械褉褕泻懈,48.0,1.0,1,49.0
cream|谐邪谢懈褔懈薪邪|写谢褟 褋芯褍褋褍 褍谢褜褌褉邪锌邪褋褌械褉懈蟹芯胁邪薪褨,cream,谐邪谢懈褔懈薪邪,写谢褟 褋芯褍褋褍 褍谢褜褌褉邪锌邪褋褌械褉懈蟹芯胁邪薪褨,袙械褉褕泻懈 袛谢褟 褋芯褍褋褍 褍谢褜褌褉邪锌邪褋褌械褉懈蟹芯胁邪薪褨,谐邪谢懈褔懈薪邪,写谢褟 褋芯褍褋褍 褍谢褜褌褉邪锌邪褋褌械褉懈蟹芯胁邪薪褨,袙械褉褕泻懈 袛谢褟 褋芯褍褋褍 褍谢褜褌褉邪锌邪褋褌械褉懈蟹芯胁邪薪褨,48.0,1.0,1,49.0
milk_powder|屑芯谢芯褔薪懈泄 褋胁褨褌|褋褍褏械 薪械蟹斜懈褉邪薪械,milk_powder,屑芯谢芯褔薪懈泄 褋胁褨褌,褋褍褏械 薪械蟹斜懈褉邪薪械,袦芯谢芯泻芯 褋褍褏械 薪械蟹斜懈褉邪薪械,屑芯谢芯褔薪懈泄 褋胁褨褌,褋褍褏械 薪械蟹斜懈褉邪薪械,袦芯谢芯泻芯 褋褍褏械 薪械蟹斜懈褉邪薪械,48.0,1.0,1,49.0
milk|lactel|薪邪锌褨泄 邪泄褉邪薪,milk,lactel,薪邪锌褨泄 邪泄褉邪薪,袧邪锌褨泄 泻懈褋谢芯屑芯谢芯褔薪懈泄 袗泄褉邪薪 锌谢褟褕泻邪,lactel,薪邪锌褨泄 邪泄褉邪薪,袧邪锌褨泄 泻懈褋谢芯屑芯谢芯褔薪懈泄 袗泄褉邪薪,48.0,1.0,1,49.0
milk|邪泄褉邪薪|onur 褌褍褉械褑褜泻懈泄 斜械蟹谢邪泻褌芯蟹薪懈泄,milk,邪泄褉邪薪,onur 褌褍褉械褑褜泻懈泄 斜械蟹谢邪泻褌芯蟹薪懈泄,Onur 孝褍褉械褑褜泻懈泄 斜械蟹谢邪泻褌芯蟹薪懈泄 锌谢褟褕泻邪,邪泄褉邪薪,onur 褌褍褉械褑褜泻懈泄 斜械蟹谢邪泻褌芯蟹薪懈泄,Onur 孝褍褉械褑褜泻懈泄 斜械蟹谢邪泻褌芯蟹薪懈泄,48.0,1.0,1,49.0
milk|邪泄褉邪薪|褟谐芯褌懈薪褋褜泻懈泄 泻褉芯锌芯屑,milk,邪泄褉邪薪,褟谐芯褌懈薪褋褜泻懈泄 泻褉芯锌芯屑,携谐芯褌懈薪褋褜泻懈泄 蟹 泻褉芯锌芯屑,邪泄褉邪薪,褟谐芯褌懈薪褋褜泻懈泄 泻褉芯锌芯屑,携谐芯褌懈薪褋褜泻懈泄 蟹 泻褉芯锌芯屑,48.0,1.0,1,49.0
milk|胁芯谢芯褕泻芯胁械 锌芯谢械|斜械蟹谢邪泻褌芯蟹薪懈泄,milk,胁芯谢芯褕泻芯胁械 锌芯谢械,斜械蟹谢邪泻褌芯蟹薪懈泄,袣械褎褨褉 斜械蟹谢邪泻褌芯蟹薪懈泄,胁芯谢芯褕泻芯胁械 锌芯谢械,斜械蟹谢邪泻褌芯蟹薪懈泄,袣械褎褨褉 斜械蟹谢邪泻褌芯蟹薪懈泄,48.0,1.0,1,49.0
milk|屑芯谢芯泻褨褟|泻邪蟹泻芯胁械,milk,屑芯谢芯泻褨褟,泻邪蟹泻芯胁械,袦芯谢芯泻芯 袣邪蟹泻芯胁械,屑芯谢芯泻褨褟,泻邪蟹泻芯胁械,袦芯谢芯泻芯 袣邪蟹泻芯胁械 锌邪褋褌械褉懈蟹芯胁邪薪械,48.0,1.0,1,49.0
milk|薪邪 蟹写芯褉芯胁 褟|斜械蟹谢邪泻褌芯蟹薪懈泄,milk,薪邪 蟹写芯褉芯胁 褟,斜械蟹谢邪泻褌芯蟹薪懈泄,袣械褎褨褉 斜械蟹谢邪泻褌芯蟹薪懈泄,薪邪 蟹写芯褉芯胁 褟,斜械蟹谢邪泻褌芯蟹薪懈泄,袣械褎褨褉 斜械蟹谢邪泻褌芯蟹薪懈泄,48.0,1.0,1,49.0
milk|薪邪褕械|写谢褟 写褨褌械泄 胁褨写 褉芯泻褨胁,milk,薪邪褕械,写谢褟 写褨褌械泄 胁褨写 褉芯泻褨胁,袦芯谢芯泻芯 褍谢褜褌褉邪锌邪褋褌械褉懈蟹芯胁邪薪械 屑芯谢芯泻芯 写谢褟 写褨褌械泄 胁褨写 3 褉芯泻褨胁,薪邪褕械,写谢褟 写褨褌械泄 胁褨写 褉芯泻褨胁,袦芯谢芯泻芯 袦芯谢芯泻芯 褍谢褜褌褉邪锌邪褋褌械褉懈蟹芯胁邪薪械 写谢褟 写褨褌械泄 胁褨写 3-褏 褉芯泻褨胁,48.0,1.0,1,49.0
milk|褋械谢褟薪褋褜泻械|屑褨泻褉芯褎褨谢褜褌褉芯胁邪薪械,milk,褋械谢褟薪褋褜泻械,屑褨泻褉芯褎褨谢褜褌褉芯胁邪薪械,袦芯谢芯泻芯 锌邪褋褌械褉懈蟹芯胁邪薪械 屑褨泻褉芯褎褨谢褜褌褉芯胁邪薪械,褋械谢褟薪褋褜泻械,屑褨泻褉芯褎褨谢褜褌褉芯胁邪薪械,袦芯谢芯泻芯 屑褨泻褉芯褎褨谢褜褌褉芯胁邪薪械 锌邪褋褌械褉懈蟹芯胁邪薪械,48.0,1.0,1,49.0
milk|褟谐芯褌懈薪褋褜泻邪|泻褍褉邪谐芯褞,milk,褟谐芯褌懈薪褋褜泻邪,泻褍褉邪谐芯褞,袪褟卸邪薪泻邪 蟹 泻褍褉邪谐芯褞 锌谢褟褕泻邪,褟谐芯褌懈薪褋褜泻邪,泻褍褉邪谐芯褞,袪褟卸邪薪泻邪 蟹 泻褍褉邪谐芯褞,48.0,1.0,1,49.0
milk|褟谐芯褌懈薪褋褜泻邪|锌芯谢褍薪懈褑械褞,milk,褟谐芯褌懈薪褋褜泻邪,锌芯谢褍薪懈褑械褞,袪褟卸邪薪泻邪 蟹 锌芯谢褍薪懈褑械褞 锌谢褟褕泻邪,褟谐芯褌懈薪褋褜泻邪,锌芯谢褍薪懈褑械褞,袪褟卸邪薪泻邪 蟹 锌芯谢褍薪懈褑械褞,48.0,1.0,1,49.0
milk|褟谐芯褌懈薪褋褜泻懈泄|斜械蟹谢邪泻褌芯蟹薪懈泄,milk,褟谐芯褌懈薪褋褜泻懈泄,斜械蟹谢邪泻褌芯蟹薪懈泄,袣械褎褨褉 斜械蟹谢邪泻褌芯蟹薪懈泄 锌谢褟褕泻邪,褟谐芯褌懈薪褋褜泻懈泄,斜械蟹谢邪泻褌芯蟹薪懈泄,袣械褎褨褉 斜械蟹谢邪泻褌芯蟹薪懈泄,48.0,1.0,1,49.0
milk|覒芯泻邪褉锌邪褌懈|谢芯卸泻芯胁懈泄,milk,覒芯泻邪褉锌邪褌懈,谢芯卸泻芯胁懈泄,袣械褎褨褉 谢芯卸泻芯胁懈泄 锌谢褟褕泻邪,覒芯泻邪褉锌邪褌懈,谢芯卸泻芯胁懈泄,袣械褎褨褉 谢芯卸泻芯胁懈泄,48.0,1.0,1,49.0
sour_cream|president|蟹褨 褋屑械褌邪薪芯褞 褋芯谢芯薪懈泄,sour_cream,president,蟹褨 褋屑械褌邪薪芯褞 褋芯谢芯薪懈泄,小懈褉 泻懈褋谢芯屑芯谢芯褔薪懈泄 蟹褨 褋屑械褌邪薪芯褞 褋芯谢芯薪懈泄,president,蟹褨 褋屑械褌邪薪芯褞 褋芯谢芯薪懈泄,小懈褉 泻懈褋谢芯屑芯谢芯褔薪懈泄 蟹褨 褋屑械褌邪薪芯褞 褋芯谢芯薪懈泄,48.0,1.0,1,49.0
sour_cream|锌褉芯褋褌芯薪邪褕械|斜械蟹谢邪泻褌芯蟹薪邪,sour_cream,锌褉芯褋褌芯薪邪褕械,斜械蟹谢邪泻褌芯蟹薪邪,小屑械褌邪薪邪 斜械蟹谢邪泻褌芯蟹薪邪 褋褌邪泻邪薪,锌褉芯褋褌芯薪邪褕械,斜械蟹谢邪泻褌芯蟹薪邪,小屑械褌邪薪邪 斜械蟹谢邪泻褌芯蟹薪邪,48.0,1.0,1,49.0
sour_cream|褎械褉屑邪|谐褍褋褌邪 锌芯 褎械褉屑械褉褋褜泻懈,sour_cream,褎械褉屑邪,谐褍褋褌邪 锌芯 褎械褉屑械褉褋褜泻懈,小屑械褌邪薪邪 袚褍褋褌邪 锌芯-褎械褉屑械褉褋褜泻懈 褋褌邪泻邪薪,褎械褉屑邪,谐褍褋褌邪 锌芯 褎械褉屑械褉褋褜泻懈,小屑械褌邪薪邪 袚褍褋褌邪 锌芯-褎械褉屑械褉褋褜泻懈,48.0,1.0,1,49.0
sour_cream|褟谐芯褌懈薪褋褜泻邪|斜械蟹谢邪泻褌芯蟹薪邪,sour_cream,褟谐芯褌懈薪褋褜泻邪,斜械蟹谢邪泻褌芯蟹薪邪,小屑械褌邪薪邪 斜械蟹谢邪泻褌芯蟹薪邪 褋褌邪泻邪薪,褟谐芯褌懈薪褋褜泻邪,斜械蟹谢邪泻褌芯蟹薪邪,小屑械褌邪薪邪 斜械蟹谢邪泻褌芯蟹薪邪,48.0,1.0,1,49.0
yogurt_dessert|danone|胁懈褕薪褟,yogurt_dessert,danone,胁懈褕薪褟,袡芯谐褍褉褌 袙懈褕薪褟 褋褌邪泻邪薪,danone,胁懈褕薪褟,袡芯谐褍褉褌 胁懈褕薪褟,48.0,1.0,1,49.0
yogurt_dessert|danone|锌械褉褋懈泻,yogurt_dessert,danone,锌械褉褋懈泻,袡芯谐褍褉褌 袩械褉褋懈泻 褋褌邪泻邪薪,danone,锌械褉褋懈泻,袡芯谐褍褉褌 锌械褉褋懈泻,48.0,1.0,1,49.0
yogurt_dessert|danone|锌械褉褋懈泻 写懈薪褟,yogurt_dessert,danone,锌械褉褋懈泻 写懈薪褟,袡芯谐褍褉褌 锌械褉褋懈泻-写懈薪褟 锌懈褌薪懈泄,danone,锌械褉褋懈泻 写懈薪褟,袡芯谐褍褉褌 锌械褉褋懈泻-写懈薪褟,48.0,1.0,1,49.0
yogurt_dessert|danone|锌械褉褋懈泻 屑邪褉邪泻褍泄褟,yogurt_dessert,danone,锌械褉褋懈泻 屑邪褉邪泻褍泄褟,袡芯谐褍褉褌 锌械褉褋懈泻-屑邪褉邪泻褍泄褟 褋褌邪泻邪薪,danone,锌械褉褋懈泻 屑邪褉邪泻褍泄褟,袡芯谐褍褉褌 锌械褉褋懈泻-屑邪褉邪泻褍泄褟,48.0,1.0,1,49.0
yogurt_dessert|danone|褔芯褉薪懈褑褟,yogurt_dessert,danone,褔芯褉薪懈褑褟,袡芯谐褍褉褌 褔芯褉薪懈褑褟 锌懈褌薪懈泄,danone,褔芯褉薪懈褑褟,袡芯谐褍褉褌 褔芯褉薪懈褑褟,48.0,1.0,1,49.0
yogurt_dessert|organic|milk 屑邪谢懈薪邪,yogurt_dessert,organic,milk 屑邪谢懈薪邪,袡芯谐褍褉褌 Milk 屑邪谢懈薪邪,organic,milk 屑邪谢懈薪邪,袡芯谐褍褉褌 Milk 屑邪谢懈薪邪 褌械褉屑芯褋褌邪褌薪懈泄,48.0,1.0,1,49.0
yogurt_dessert|organic|milk 锌芯谢褍薪懈褑褟,yogurt_dessert,organic,milk 锌芯谢褍薪懈褑褟,袡芯谐褍褉褌 Milk 锌芯谢褍薪懈褑褟,organic,milk 锌芯谢褍薪懈褑褟,袡芯谐褍褉褌 Milk 锌芯谢褍薪懈褑褟 褌械褉屑芯褋褌邪褌薪懈泄,48.0,1.0,1,49.0
yogurt_dessert|organic|milk 锌芯谢褍薪懈褑褟 芯褉谐邪薪褨褔薪懈泄,yogurt_dessert,organic,milk 锌芯谢褍薪懈褑褟 芯褉谐邪薪褨褔薪懈泄,袡芯谐褍褉褌 Milk 袩芯谢褍薪懈褑褟 锌懈褌薪懈泄 芯褉谐邪薪褨褔薪懈泄,organic,milk 锌芯谢褍薪懈褑褟 芯褉谐邪薪褨褔薪懈泄,袡芯谐褍褉褌 Milk 袩芯谢褍薪懈褑褟 芯褉谐邪薪褨褔薪懈泄,48.0,1.0,1,49.0
yogurt_dessert|organic|milk 褔芯褉薪懈褑褟,yogurt_dessert,organic,milk 褔芯褉薪懈褑褟,袡芯谐褍褉褌 Milk 褔芯褉薪懈褑褟,organic,milk 褔芯褉薪懈褑褟,袡芯谐褍褉褌 Milk 褔芯褉薪懈褑褟 褌械褉屑芯褋褌邪褌薪懈泄,48.0,1.0,1,49.0
yogurt_dessert|premialle|smart food 斜褍蟹懈薪邪 谢芯褏懈薪邪 邪屑邪褉邪薪褌,yogurt_dessert,premialle,smart food 斜褍蟹懈薪邪 谢芯褏懈薪邪 邪屑邪褉邪薪褌,袡芯谐褍褉褌 Smart Food 袘褍蟹懈薪邪 谢芯褏懈薪邪 邪屑邪褉邪薪褌,premialle,smart food 斜褍蟹懈薪邪 谢芯褏懈薪邪 邪屑邪褉邪薪褌,袡芯谐褍褉褌 Smart Food 袘褍蟹懈薪邪 谢芯褏懈薪邪 邪屑邪褉邪薪褌,48.0,1.0,1,49.0
yogurt_dessert|premialle|smart food 屑邪薪谐芯 屑邪褉邪泻褍泄褟 泻褨薪芯邪,yogurt_dessert,premialle,smart food 屑邪薪谐芯 屑邪褉邪泻褍泄褟 泻褨薪芯邪,袡芯谐褍褉褌 Smart Food 袦邪薪谐芯 屑邪褉邪泻褍泄褟 泻褨薪芯邪,premialle,smart food 屑邪薪谐芯 屑邪褉邪泻褍泄褟 泻褨薪芯邪,袡芯谐褍褉褌 Smart Food 袦邪薪谐芯 屑邪褉邪泻褍泄褟 泻褨薪芯邪,48.0,1.0,1,49.0
yogurt_dessert|邪泻褌懈胁褨邪|斜褨褎褨写芯泄芯谐褍褉褌 邪斜褉懈泻芯褋 蟹谢邪泻懈,yogurt_dessert,邪泻褌懈胁褨邪,斜褨褎褨写芯泄芯谐褍褉褌 邪斜褉懈泻芯褋 蟹谢邪泻懈,袘褨褎褨写芯泄芯谐褍褉褌 袗斜褉懈泻芯褋 蟹谢邪泻懈 锌懈褌薪懈泄,邪泻褌懈胁褨邪,斜褨褎褨写芯泄芯谐褍褉褌 邪斜褉懈泻芯褋 蟹谢邪泻懈,袘褨褎褨写芯泄芯谐褍褉褌 袗斜褉懈泻芯褋-蟹谢邪泻懈,48.0,1.0,1,49.0
yogurt_dessert|邪泻褌懈胁褨邪|斜褨褎褨写芯泄芯谐褍褉褌 谢褨褋芯胁褨 褟谐芯写懈 蟹谢邪泻懈,yogurt_dessert,邪泻褌懈胁褨邪,斜褨褎褨写芯泄芯谐褍褉褌 谢褨褋芯胁褨 褟谐芯写懈 蟹谢邪泻懈,袘褨褎褨写芯泄芯谐褍褉褌 谢褨褋芯胁褨 褟谐芯写懈-蟹谢邪泻懈 锌谢褟褕泻邪,邪泻褌懈胁褨邪,斜褨褎褨写芯泄芯谐褍褉褌 谢褨褋芯胁褨 褟谐芯写懈 蟹谢邪泻懈,袘褨褎褨写芯泄芯谐褍褉褌 袥褨褋芯胁褨 褟谐芯写懈-蟹谢邪泻懈,48.0,1.0,1,49.0
yogurt_dessert|邪泻褌懈胁褨邪|斜褨褎褨写芯泄芯谐褍褉褌 屑邪薪谐芯 锌械褉褋懈泻 蟹谢邪泻懈,yogurt_dessert,邪泻褌懈胁褨邪,斜褨褎褨写芯泄芯谐褍褉褌 屑邪薪谐芯 锌械褉褋懈泻 蟹谢邪泻懈,袘褨褎褨写芯泄芯谐褍褉褌 屑邪薪谐芯-锌械褉褋懈泻-蟹谢邪泻懈 褋褌邪泻邪薪,邪泻褌懈胁褨邪,斜褨褎褨写芯泄芯谐褍褉褌 屑邪薪谐芯 锌械褉褋懈泻 蟹谢邪泻懈,袘褨褎褨写芯泄芯谐褍褉褌 屑邪薪谐芯-锌械褉褋懈泻-蟹谢邪泻懈,48.0,1.0,1,49.0
yogurt_dessert|邪泻褌懈胁褨邪|斜褨褎褨写芯泄芯谐褍褉褌 锌芯谢褍薪懈褑褟 蟹谢邪泻懈,yogurt_dessert,邪泻褌懈胁褨邪,斜褨褎褨写芯泄芯谐褍褉褌 锌芯谢褍薪懈褑褟 蟹谢邪泻懈,袘褨褎褨写芯泄芯谐褍褉褌 锌芯谢褍薪懈褑褟-蟹谢邪泻懈 褋褌邪泻邪薪,邪泻褌懈胁褨邪,斜褨褎褨写芯泄芯谐褍褉褌 锌芯谢褍薪懈褑褟 蟹谢邪泻懈,袘褨褎褨写芯泄芯谐褍褉褌 锌芯谢褍薪懈褑褟-蟹谢邪泻懈,48.0,1.0,1,49.0
yogurt_dessert|邪泻褌懈胁褨邪|斜褨褎褨写芯泄芯谐褍褉褌 褔芯褉薪懈褑褟 蟹谢邪泻懈,yogurt_dessert,邪泻褌懈胁褨邪,斜褨褎褨写芯泄芯谐褍褉褌 褔芯褉薪懈褑褟 蟹谢邪泻懈,袘褨褎褨写芯泄芯谐褍褉褌 效芯褉薪懈褑褟 蟹谢邪泻懈 锌懈褌薪懈泄,邪泻褌懈胁褨邪,斜褨褎褨写芯泄芯谐褍褉褌 褔芯褉薪懈褑褟 蟹谢邪泻懈,袘褨褎褨写芯泄芯谐褍褉褌 效芯褉薪懈褑褟-蟹谢邪泻懈,48.0,1.0,1,49.0
yogurt_dessert|胁芯谢芯褕泻芯胁械 锌芯谢械|斜褨褎褨写芯泄芯谐褍褉褌 邪薪邪薪邪褋 斜械蟹谢邪泻褌芯蟹薪懈泄,yogurt_dessert,胁芯谢芯褕泻芯胁械 锌芯谢械,斜褨褎褨写芯泄芯谐褍褉褌 邪薪邪薪邪褋 斜械蟹谢邪泻褌芯蟹薪懈泄,袘褨褎褨写芯泄芯谐褍褉褌 袗薪邪薪邪褋 斜械蟹谢邪泻褌芯蟹薪懈泄,胁芯谢芯褕泻芯胁械 锌芯谢械,斜褨褎褨写芯泄芯谐褍褉褌 邪薪邪薪邪褋 斜械蟹谢邪泻褌芯蟹薪懈泄,袘褨褎褨写芯泄芯谐褍褉褌 袗薪邪薪邪褋 斜械蟹谢邪泻褌芯蟹薪懈泄,48.0,1.0,1,49.0
yogurt_dessert|胁芯谢芯褕泻芯胁械 锌芯谢械|斜褨褎褨写芯泄芯谐褍褉褌 胁懈褕薪褟 斜械蟹谢邪泻褌芯蟹薪懈泄,yogurt_dessert,胁芯谢芯褕泻芯胁械 锌芯谢械,斜褨褎褨写芯泄芯谐褍褉褌 胁懈褕薪褟 斜械蟹谢邪泻褌芯蟹薪懈泄,袘褨褎褨写芯泄芯谐褍褉褌 袙懈褕薪褟 斜械蟹谢邪泻褌芯蟹薪懈泄,胁芯谢芯褕泻芯胁械 锌芯谢械,斜褨褎褨写芯泄芯谐褍褉褌 胁懈褕薪褟 斜械蟹谢邪泻褌芯蟹薪懈泄,袘褨褎褨写芯泄芯谐褍褉褌 袙懈褕薪褟 斜械蟹谢邪泻褌芯蟹薪懈泄,48.0,1.0,1,49.0
yogurt_dessert|胁芯谢芯褕泻芯胁械 锌芯谢械|斜褨褎褨写芯泄芯谐褍褉褌 锌芯谢褍薪懈褑褟 斜械蟹谢邪泻褌芯蟹薪懈泄,yogurt_dessert,胁芯谢芯褕泻芯胁械 锌芯谢械,斜褨褎褨写芯泄芯谐褍褉褌 锌芯谢褍薪懈褑褟 斜械蟹谢邪泻褌芯蟹薪懈泄,袘褨褎褨写芯泄芯谐褍褉褌 袩芯谢褍薪懈褑褟 斜械蟹谢邪泻褌芯蟹薪懈泄,胁芯谢芯褕泻芯胁械 锌芯谢械,斜褨褎褨写芯泄芯谐褍褉褌 锌芯谢褍薪懈褑褟 斜械蟹谢邪泻褌芯蟹薪懈泄,袘褨褎褨写芯泄芯谐褍褉褌 袩芯谢褍薪懈褑褟 斜械蟹谢邪泻褌芯蟹薪懈泄,48.0,1.0,1,49.0
yogurt_dessert|胁芯谢芯褕泻芯胁械 锌芯谢械|谐谢邪蟹褍褉芯胁邪薪懈泄 泻邪褉邪屑械谢褜,yogurt_dessert,胁芯谢芯褕泻芯胁械 锌芯谢械,谐谢邪蟹褍褉芯胁邪薪懈泄 泻邪褉邪屑械谢褜,小懈褉芯泻 谐谢邪蟹褍褉芯胁邪薪懈泄 泻邪褉邪屑械谢褜,胁芯谢芯褕泻芯胁械 锌芯谢械,谐谢邪蟹褍褉芯胁邪薪懈泄 泻邪褉邪屑械谢褜,小懈褉芯泻 谐谢邪蟹褍褉芯胁邪薪懈泄 袣邪褉邪屑械谢褜,48.0,1.0,1,49.0
yogurt_dessert|胁芯谢芯褕泻芯胁械 锌芯谢械|谐谢邪蟹褍褉芯胁邪薪懈泄 泻芯泻芯褋,yogurt_dessert,胁芯谢芯褕泻芯胁械 锌芯谢械,谐谢邪蟹褍褉芯胁邪薪懈泄 泻芯泻芯褋,小懈褉芯泻 谐谢邪蟹褍褉芯胁邪薪懈泄 袣芯泻芯褋,胁芯谢芯褕泻芯胁械 锌芯谢械,谐谢邪蟹褍褉芯胁邪薪懈泄 泻芯泻芯褋,小懈褉芯泻 谐谢邪蟹褍褉芯胁邪薪懈泄 泻芯泻芯褋,48.0,1.0,1,49.0
yogurt_dessert|胁芯谢芯褕泻芯胁械 锌芯谢械|谐谢邪蟹褍褉芯胁邪薪懈泄 屑邪谢懈薪邪 谐褉邪薪邪褌 斜械蟹谢邪泻褌芯蟹薪懈泄,yogurt_dessert,胁芯谢芯褕泻芯胁械 锌芯谢械,谐谢邪蟹褍褉芯胁邪薪懈泄 屑邪谢懈薪邪 谐褉邪薪邪褌 斜械蟹谢邪泻褌芯蟹薪懈泄,小懈褉芯泻 谐谢邪蟹褍褉芯胁邪薪懈泄 屑邪谢懈薪邪-谐褉邪薪邪褌 斜械蟹谢邪泻褌芯蟹薪懈泄,胁芯谢芯褕泻芯胁械 锌芯谢械,谐谢邪蟹褍褉芯胁邪薪懈泄 屑邪谢懈薪邪 谐褉邪薪邪褌 斜械蟹谢邪泻褌芯蟹薪懈泄,小懈褉芯泻 谐谢邪蟹褍褉芯胁邪薪懈泄 屑邪谢懈薪邪-谐褉邪薪邪褌 斜械蟹谢邪泻褌芯蟹薪懈泄,48.0,1.0,1,49.0
yogurt_dessert|胁芯谢芯褕泻芯胁械 锌芯谢械|谐谢邪蟹褍褉芯胁邪薪懈泄 锌芯谢褍薪懈褑褟,yogurt_dessert,胁芯谢芯褕泻芯胁械 锌芯谢械,谐谢邪蟹褍褉芯胁邪薪懈泄 锌芯谢褍薪懈褑褟,小懈褉芯泻 谐谢邪蟹褍褉芯胁邪薪懈泄 锌芯谢褍薪懈褑褟,胁芯谢芯褕泻芯胁械 锌芯谢械,谐谢邪蟹褍褉芯胁邪薪懈泄 锌芯谢褍薪懈褑褟,小懈褉芯泻 谐谢邪蟹褍褉芯胁邪薪懈泄 锌芯谢褍薪懈褑褟,48.0,1.0,1,49.0
yogurt_dessert|谐邪谢懈褔懈薪邪|泻邪褉锌邪褌褋褜泻懈泄 胁懈褕薪褟,yogurt_dessert,谐邪谢懈褔懈薪邪,泻邪褉锌邪褌褋褜泻懈泄 胁懈褕薪褟,袡芯谐褍褉褌 袣邪褉锌邪褌褋褜泻懈泄 胁懈褕薪褟,谐邪谢懈褔懈薪邪,泻邪褉锌邪褌褋褜泻懈泄 胁懈褕薪褟,袡芯谐褍褉褌 袣邪褉锌邪褌褋褜泻懈泄 袙懈褕薪褟,48.0,1.0,1,49.0
yogurt_dessert|谐邪谢懈褔懈薪邪|泻邪褉锌邪褌褋褜泻懈泄 胁懈褕薪褟 斜褉褍褋薪懈褑褟,yogurt_dessert,谐邪谢懈褔懈薪邪,泻邪褉锌邪褌褋褜泻懈泄 胁懈褕薪褟 斜褉褍褋薪懈褑褟,袡芯谐褍褉褌 袣邪褉锌邪褌褋褜泻懈泄 胁懈褕薪褟-斜褉褍褋薪懈褑褟,谐邪谢懈褔懈薪邪,泻邪褉锌邪褌褋褜泻懈泄 胁懈褕薪褟 斜褉褍褋薪懈褑褟,袡芯谐褍褉褌 袣邪褉锌邪褌褋褜泻懈泄 胁懈褕薪褟-斜褉褍褋薪懈褑褟,48.0,1.0,1,49.0
yogurt_dessert|谐邪谢懈褔懈薪邪|泻邪褉锌邪褌褋褜泻懈泄 蟹谢邪泻懈,yogurt_dessert,谐邪谢懈褔懈薪邪,泻邪褉锌邪褌褋褜泻懈泄 蟹谢邪泻懈,袡芯谐褍褉褌 袣邪褉锌邪褌褋褜泻懈泄 蟹谢邪泻懈,谐邪谢懈褔懈薪邪,泻邪褉锌邪褌褋褜泻懈泄 蟹谢邪泻懈,袡芯谐褍褉褌 袣邪褉锌邪褌褋褜泻懈泄 袟谢邪泻懈,48.0,1.0,1,49.0
yogurt_dessert|谐邪谢懈褔懈薪邪|泻邪褉锌邪褌褋褜泻懈泄 谢芯褏懈薪邪 褔芯褉薪懈褑褟,yogurt_dessert,谐邪谢懈褔懈薪邪,泻邪褉锌邪褌褋褜泻懈泄 谢芯褏懈薪邪 褔芯褉薪懈褑褟,袡芯谐褍褉褌 袣邪褉锌邪褌褋褜泻懈泄 谢芯褏懈薪邪-褔芯褉薪懈褑褟,谐邪谢懈褔懈薪邪,泻邪褉锌邪褌褋褜泻懈泄 谢芯褏懈薪邪 褔芯褉薪懈褑褟,袡芯谐褍褉褌 袣邪褉锌邪褌褋褜泻懈泄 袥芯褏懈薪邪-褔芯褉薪懈褑褟,48.0,1.0,1,49.0
yogurt_dessert|谐邪谢懈褔懈薪邪|泻邪褉锌邪褌褋褜泻懈泄 屑邪谢懈薪邪 谐褉邪薪邪褌,yogurt_dessert,谐邪谢懈褔懈薪邪,泻邪褉锌邪褌褋褜泻懈泄 屑邪谢懈薪邪 谐褉邪薪邪褌,袡芯谐褍褉褌 袣邪褉锌邪褌褋褜泻懈泄 屑邪谢懈薪邪-谐褉邪薪邪褌,谐邪谢懈褔懈薪邪,泻邪褉锌邪褌褋褜泻懈泄 屑邪谢懈薪邪 谐褉邪薪邪褌,袡芯谐褍褉褌 袣邪褉锌邪褌褋褜泻懈泄 屑邪谢懈薪邪-谐褉邪薪邪褌,48.0,1.0,1,49.0
yogurt_dessert|谐邪谢懈褔懈薪邪|泻邪褉锌邪褌褋褜泻懈泄 褔芯褉薪懈褑褟 蟹谢邪泻懈,yogurt_dessert,谐邪谢懈褔懈薪邪,泻邪褉锌邪褌褋褜泻懈泄 褔芯褉薪懈褑褟 蟹谢邪泻懈,袡芯谐褍褉褌 袣邪褉锌邪褌褋褜泻懈泄 褔芯褉薪懈褑褟-蟹谢邪泻懈,谐邪谢懈褔懈薪邪,泻邪褉锌邪褌褋褜泻懈泄 褔芯褉薪懈褑褟 蟹谢邪泻懈,袡芯谐褍褉褌 袣邪褉锌邪褌褋褜泻懈泄 效芯褉薪懈褑褟-蟹谢邪泻懈,48.0,1.0,1,49.0
yogurt_dessert|谐邪谢懈褔懈薪邪|屑邪薪谐芯 屑邪褉邪泻褍泄褟,yogurt_dessert,谐邪谢懈褔懈薪邪,屑邪薪谐芯 屑邪褉邪泻褍泄褟,袡芯谐褍褉褌 屑邪薪谐芯-屑邪褉邪泻褍泄褟 褋褌邪泻邪薪,谐邪谢懈褔懈薪邪,屑邪薪谐芯 屑邪褉邪泻褍泄褟,袡芯谐褍褉褌 袦邪薪谐芯 屑邪褉邪泻褍泄褟,48.0,1.0,1,49.0
yogurt_dessert|写芯谢褜褔械|谐谢邪蟹褍褉芯胁邪薪懈泄 胁懈褕薪褟,yogurt_dessert,写芯谢褜褔械,谐谢邪蟹褍褉芯胁邪薪懈泄 胁懈褕薪褟,小懈褉芯泻 谐谢邪蟹褍褉芯胁邪薪懈泄 胁懈褕薪褟,写芯谢褜褔械,谐谢邪蟹褍褉芯胁邪薪懈泄 胁懈褕薪褟,小懈褉芯泻 谐谢邪蟹褍褉芯胁邪薪懈泄 胁懈褕薪褟,48.0,1.0,1,49.0
yogurt_dessert|写芯谢褜褔械|谐谢邪蟹褍褉芯胁邪薪懈泄 泻芯泻芯褋,yogurt_dessert,写芯谢褜褔械,谐谢邪蟹褍褉芯胁邪薪懈泄 泻芯泻芯褋,小懈褉芯泻 谐谢邪蟹褍褉芯胁邪薪懈泄 泻芯泻芯褋,写芯谢褜褔械,谐谢邪蟹褍褉芯胁邪薪懈泄 泻芯泻芯褋,小懈褉芯泻 谐谢邪蟹褍褉芯胁邪薪懈泄 泻芯泻芯褋,48.0,1.0,1,49.0
yogurt_dessert|写芯谢褜褔械|泻褨胁褨,yogurt_dessert,写芯谢褜褔械,泻褨胁褨,袡芯谐褍褉褌 泻褨胁褨,写芯谢褜褔械,泻褨胁褨,袡芯谐褍褉褌 泻褨胁褨,48.0,1.0,1,49.0
yogurt_dessert|写芯谢褜褔械|泻褨胁褨 写胁芯褕邪褉芯胁懈泄,yogurt_dessert,写芯谢褜褔械,泻褨胁褨 写胁芯褕邪褉芯胁懈泄,袡芯谐褍褉褌 泻褨胁褨 写胁芯褕邪褉芯胁懈泄 褋褌邪泻邪薪,写芯谢褜褔械,泻褨胁褨 写胁芯褕邪褉芯胁懈泄,袡芯谐褍褉褌 泻褨胁褨 写胁芯褕邪褉芯胁懈泄,48.0,1.0,1,49.0
yogurt_dessert|写芯谢褜褔械|锌芯谢褍薪懈褑褟 斜邪薪邪薪,yogurt_dessert,写芯谢褜褔械,锌芯谢褍薪懈褑褟 斜邪薪邪薪,袡芯谐褍褉褌 锌芯谢褍薪懈褑褟-斜邪薪邪薪 褋褌邪泻邪薪,写芯谢褜褔械,锌芯谢褍薪懈褑褟 斜邪薪邪薪,袡芯谐褍褉褌 袩芯谢褍薪懈褑褟-袘邪薪邪薪,48.0,1.0,1,49.0
yogurt_dessert|写芯谢褜褔械|锌芯谢褍薪懈褑褟 写胁芯褕邪褉芯胁懈泄,yogurt_dessert,写芯谢褜褔械,锌芯谢褍薪懈褑褟 写胁芯褕邪褉芯胁懈泄,袡芯谐褍褉褌 锌芯谢褍薪懈褑褟 写胁芯褕邪褉芯胁懈泄 褋褌邪泻邪薪,写芯谢褜褔械,锌芯谢褍薪懈褑褟 写胁芯褕邪褉芯胁懈泄,袡芯谐褍褉褌 锌芯谢褍薪懈褑褟 写胁芯褕邪褉芯胁懈泄,48.0,1.0,1,49.0
yogurt_dessert|写芯谢褜褔械|锌芯谢褍薪懈褑褟 谢邪泄屑 褟褌邪,yogurt_dessert,写芯谢褜褔械,锌芯谢褍薪懈褑褟 谢邪泄屑 褟褌邪,袡芯谐褍褉褌 锌芯谢褍薪懈褑褟-谢邪泄屑-屑'褟褌邪,写芯谢褜褔械,锌芯谢褍薪懈褑褟 谢邪泄屑 褟褌邪,袡芯谐褍褉褌 袩芯谢褍薪懈褑褟-谢邪泄屑-屑'褟褌邪,48.0,1.0,1,49.0
yogurt_dessert|蟹邪泻胁邪褋泻邪|斜邪泻褌械褉褨邪谢褜薪邪 vivo 谐褉械褑褜泻懈泄,yogurt_dessert,蟹邪泻胁邪褋泻邪,斜邪泻褌械褉褨邪谢褜薪邪 vivo 谐褉械褑褜泻懈泄,斜邪泻褌械褉褨邪谢褜薪邪 Vivo 谐褉械褑褜泻懈泄 泄芯谐褍褉褌,蟹邪泻胁邪褋泻邪,斜邪泻褌械褉褨邪谢褜薪邪 vivo 谐褉械褑褜泻懈泄,斜邪泻褌械褉褨邪谢褜薪邪 Vivo 袚褉械褑褜泻懈泄 泄芯谐褍褉褌 褏,48.0,1.0,1,49.0
yogurt_dessert|屑邪褉褨泄泻邪|写械褋械褉褌 褋懈褉泻芯胁懈泄 锌械褔懈胁芯屑,yogurt_dessert,屑邪褉褨泄泻邪,写械褋械褉褌 褋懈褉泻芯胁懈泄 锌械褔懈胁芯屑,袛械褋械褉褌 褋懈褉泻芯胁懈泄 蟹 锌械褔懈胁芯屑,屑邪褉褨泄泻邪,写械褋械褉褌 褋懈褉泻芯胁懈泄 锌械褔懈胁芯屑,袛械褋械褉褌 褋懈褉泻芯胁懈泄 蟹 锌械褔懈胁芯屑 +,48.0,1.0,1,49.0
yogurt_dessert|屑芯谢芯泻褨褟|锌芯锌泻芯褉薪 泻邪褉邪屑械谢褨,yogurt_dessert,屑芯谢芯泻褨褟,锌芯锌泻芯褉薪 泻邪褉邪屑械谢褨,袡芯谐褍褉褌 斜褨谢懈泄 锌芯锌泻芯褉薪 胁 泻邪褉邪屑械谢褨,屑芯谢芯泻褨褟,锌芯锌泻芯褉薪 泻邪褉邪屑械谢褨,袡芯谐褍褉褌 斜褨谢懈泄 + 锌芯锌泻芯褉薪 褍 泻邪褉邪屑械谢褨,48.0,1.0,1,49.0
yogurt_dessert|屑芯谢芯泻褨褟|锌芯锌泻芯褉薪 泻邪褉邪屑械谢褨 泻邪泻邪芯,yogurt_dessert,屑芯谢芯泻褨褟,锌芯锌泻芯褉薪 泻邪褉邪屑械谢褨 泻邪泻邪芯,袡芯谐褍褉褌 斜褨谢懈泄 锌芯锌泻芯褉薪 胁 泻邪褉邪屑械谢褨 蟹 泻邪泻邪芯,屑芯谢芯泻褨褟,锌芯锌泻芯褉薪 泻邪褉邪屑械谢褨 泻邪泻邪芯,袡芯谐褍褉褌 斜褨谢懈泄 + 锌芯锌泻芯褉薪 褍 泻邪褉邪屑械谢褨 蟹 泻邪泻邪芯,48.0,1.0,1,49.0
yogurt_dessert|薪邪 蟹写芯褉芯胁 褟|谐褉械褑褜泻懈泄,yogurt_dessert,薪邪 蟹写芯褉芯胁 褟,谐褉械褑褜泻懈泄,袡芯谐褍褉褌 袚褉械褑褜泻懈泄,薪邪 蟹写芯褉芯胁 褟,谐褉械褑褜泻懈泄,袡芯谐褍褉褌 袚褉械褑褜泻懈泄,48.0,1.0,1,49.0
yogurt_dessert|薪邪 蟹写芯褉芯胁 褟|褌褍褉械褑褜泻懈泄,yogurt_dessert,薪邪 蟹写芯褉芯胁 褟,褌褍褉械褑褜泻懈泄,袡芯谐褍褉褌 孝褍褉械褑褜泻懈泄,薪邪 蟹写芯褉芯胁 褟,褌褍褉械褑褜泻懈泄,袡芯谐褍褉褌 孝褍褉械褑褜泻懈泄,48.0,1.0,1,49.0
yogurt_dessert|褉芯褋褌懈褕泻邪|屑邪谢懈薪邪 斜邪薪邪薪,yogurt_dessert,褉芯褋褌懈褕泻邪,屑邪谢懈薪邪 斜邪薪邪薪,袡芯谐褍褉褌 袦邪谢懈薪邪 斜邪薪邪薪 锌懈褌薪懈泄,褉芯褋褌懈褕泻邪,屑邪谢懈薪邪 斜邪薪邪薪,袡芯谐褍褉褌 袦邪谢懈薪邪-斜邪薪邪薪,48.0,1.0,1,49.0
yogurt_dessert|褉芯褋褌懈褕泻邪|锌械褉褋懈泻,yogurt_dessert,褉芯褋褌懈褕泻邪,锌械褉褋懈泻,袡芯谐褍褉褌 锌械褉褋懈泻 褋褌邪泻邪薪,褉芯褋褌懈褕泻邪,锌械褉褋懈泻,袡芯谐褍褉褌 袩械褉褋懈泻,48.0,1.0,1,49.0
yogurt_dessert|褉芯褋褌懈褕泻邪|锌械褉褋懈泻 邪斜褉懈泻芯褋,yogurt_dessert,褉芯褋褌懈褕泻邪,锌械褉褋懈泻 邪斜褉懈泻芯褋,袡芯谐褍褉褌 锌械褉褋懈泻-邪斜褉懈泻芯褋 锌懈褌薪懈泄,褉芯褋褌懈褕泻邪,锌械褉褋懈泻 邪斜褉懈泻芯褋,袡芯谐褍褉褌 袩械褉褋懈泻-邪斜褉懈泻芯褋,48.0,1.0,1,49.0
yogurt_dessert|褋谢芯胁 褟薪芯褔泻邪|褋芯谢芯写泻懈泄 蟹褨 褋屑邪泻芯屑 胁邪薪褨谢褨,yogurt_dessert,褋谢芯胁 褟薪芯褔泻邪,褋芯谢芯写泻懈泄 蟹褨 褋屑邪泻芯屑 胁邪薪褨谢褨,小懈褉芯泻 褋芯谢芯写泻懈泄 蟹褨 褋屑邪泻芯屑 胁邪薪褨谢褨,褋谢芯胁 褟薪芯褔泻邪,褋芯谢芯写泻懈泄 蟹褨 褋屑邪泻芯屑 胁邪薪褨谢褨,小懈褉芯泻 褋芯谢芯写泻懈泄 蟹褨 褋屑邪泻芯屑 胁邪薪褨谢褨,48.0,1.0,1,49.0
yogurt_dessert|褎邪薪薪褨|锌芯谢褍薪懈褑褟,yogurt_dessert,褎邪薪薪褨,锌芯谢褍薪懈褑褟,袡芯谐褍褉褌 锌芯谢褍薪懈褑褟 褋褌邪泻邪薪,褎邪薪薪褨,锌芯谢褍薪懈褑褟,袡芯谐褍褉褌 袩芯谢褍薪懈褑褟,48.0,1.0,1,49.0
yogurt_dessert|褎械褉屑邪|谐谢邪蟹褍褉芯胁邪薪懈泄 胁懈褕薪褟 褔械褉械褕薪褟,yogurt_dessert,褎械褉屑邪,谐谢邪蟹褍褉芯胁邪薪懈泄 胁懈褕薪褟 褔械褉械褕薪褟,小懈褉芯泻 谐谢邪蟹褍褉芯胁邪薪懈泄 胁懈褕薪褟-褔械褉械褕薪褟,褎械褉屑邪,谐谢邪蟹褍褉芯胁邪薪懈泄 胁懈褕薪褟 褔械褉械褕薪褟,小懈褉芯泻 谐谢邪蟹褍褉芯胁邪薪懈泄 袙懈褕薪褟-褔械褉械褕薪褟,48.0,1.0,1,49.0
yogurt_dessert|褔褍写芯|gelato 谢懈屑芯薪薪械,yogurt_dessert,褔褍写芯,gelato 谢懈屑芯薪薪械,袡芯谐褍褉褌 Gelato 袥懈屑芯薪薪械 锌谢褟褕泻邪,褔褍写芯,gelato 谢懈屑芯薪薪械,袡芯谐褍褉褌 Gelato 袥懈屑芯薪薪械,48.0,1.0,1,49.0
yogurt_dessert|褔褍写芯|蟹斜懈褌懈泄 锌芯谢褍薪懈褑褟,yogurt_dessert,褔褍写芯,蟹斜懈褌懈泄 锌芯谢褍薪懈褑褟,小懈褉芯泻 蟹斜懈褌懈泄 锌芯谢褍薪懈褑褟,褔褍写芯,蟹斜懈褌懈泄 锌芯谢褍薪懈褑褟,小懈褉芯泻 蟹斜懈褌懈泄 锌芯谢褍薪懈褑褟,48.0,1.0,1,49.0
yogurt_dessert|褔褍写芯|泻芯泻芯褋芯胁懈泄 褕械泄泻,yogurt_dessert,褔褍写芯,泻芯泻芯褋芯胁懈泄 褕械泄泻,袡芯谐褍褉褌 袣芯泻芯褋芯胁懈泄 褕械泄泻 锌谢褟褕泻邪,褔褍写芯,泻芯泻芯褋芯胁懈泄 褕械泄泻,袡芯谐褍褉褌 袣芯泻芯褋芯胁懈泄 褕械泄泻,48.0,1.0,1,49.0
yogurt_dessert|褔褍写芯|屑邪薪谐芯 斜邪薪邪薪 邪薪邪薪邪褋,yogurt_dessert,褔褍写芯,屑邪薪谐芯 斜邪薪邪薪 邪薪邪薪邪褋,袡芯谐褍褉褌 袦邪薪谐芯-斜邪薪邪薪-邪薪邪薪邪褋 锌谢褟褕泻邪,褔褍写芯,屑邪薪谐芯 斜邪薪邪薪 邪薪邪薪邪褋,袡芯谐褍褉褌 袦邪薪谐芯-斜邪薪邪薪-邪薪邪薪邪褋,48.0,1.0,1,49.0
yogurt_dessert|褟谐芯褌懈薪褋褜泻懈泄|谐褉械褑褜泻懈泄,yogurt_dessert,褟谐芯褌懈薪褋褜泻懈泄,谐褉械褑褜泻懈泄,袡芯谐褍褉褌 袚褉械褑褜泻懈泄 褋褌邪泻邪薪,褟谐芯褌懈薪褋褜泻懈泄,谐褉械褑褜泻懈泄,袡芯谐褍褉褌 袚褉械褑褜泻懈泄,48.0,1.0,1,49.0
yogurt_dessert|褟谐芯褌懈薪褋褜泻懈泄|械薪械褉谐褨泄薪褨 蟹谢邪泻懈,yogurt_dessert,褟谐芯褌懈薪褋褜泻懈泄,械薪械褉谐褨泄薪褨 蟹谢邪泻懈,袡芯谐褍褉褌 袝薪械褉谐褨泄薪褨 蟹谢邪泻懈 锌懈褌薪懈泄,褟谐芯褌懈薪褋褜泻懈泄,械薪械褉谐褨泄薪褨 蟹谢邪泻懈,袡芯谐褍褉褌 袝薪械褉谐褨泄薪褨 蟹谢邪泻懈,48.0,1.0,1,49.0
yogurt_dessert|褟谐芯褌懈薪褋褜泻懈泄|蟹褨 蟹谢邪泻邪屑懈,yogurt_dessert,褟谐芯褌懈薪褋褜泻懈泄,蟹褨 蟹谢邪泻邪屑懈,袡芯谐褍褉褌 蟹褨 蟹谢邪泻邪屑懈,褟谐芯褌懈薪褋褜泻懈泄,蟹褨 蟹谢邪泻邪屑懈,袡芯谐褍褉褌 蟹褨 蟹谢邪泻邪屑懈,48.0,1.0,1,49.0
yogurt_dessert|褟谐芯褌懈薪褋褜泻懈泄|谢褨褋芯胁懈屑懈 褟谐芯写邪屑懈,yogurt_dessert,褟谐芯褌懈薪褋褜泻懈泄,谢褨褋芯胁懈屑懈 褟谐芯写邪屑懈,袡芯谐褍褉褌 蟹 谢褨褋芯胁懈屑懈 褟谐芯写邪屑懈,褟谐芯褌懈薪褋褜泻懈泄,谢褨褋芯胁懈屑懈 褟谐芯写邪屑懈,袡芯谐褍褉褌 蟹 谢褨褋芯胁懈屑懈 褟谐芯写邪屑懈,48.0,1.0,1,49.0
yogurt_dessert|褟谐芯褌懈薪褋褜泻懈泄|褔芯褉薪懈褑褟,yogurt_dessert,褟谐芯褌懈薪褋褜泻懈泄,褔芯褉薪懈褑褟,袡芯谐褍褉褌 褔芯褉薪懈褑褟,褟谐芯褌懈薪褋褜泻懈泄,褔芯褉薪懈褑褟,袡芯谐褍褉褌 效芯褉薪懈褑褟,48.0,1.0,1,49.0
cottage_cheese|蟹胁械薪懈 谐芯褉邪|褉芯蟹褋懈锌褔邪褋褌懈泄,cottage_cheese,蟹胁械薪懈 谐芯褉邪,褉芯蟹褋懈锌褔邪褋褌懈泄,小懈褉 泻懈褋谢芯屑芯谢芯褔薪懈泄 褉芯蟹褋懈锌褔邪褋褌懈泄 胁邪薪薪芯褔泻邪,蟹胁械薪懈 谐芯褉邪,褉芯蟹褋懈锌褔邪褋褌懈泄,小懈褉 泻懈褋谢芯屑芯谢芯褔薪懈泄 褉芯蟹褋懈锌褔邪褋褌懈泄,47.0,1.0,1,48.0
cottage_cheese|锌褉芯褋褌芯薪邪褕械|斜械蟹谢邪泻褌芯蟹薪懈泄,cottage_cheese,锌褉芯褋褌芯薪邪褕械,斜械蟹谢邪泻褌芯蟹薪懈泄,小懈褉 泻懈褋谢芯屑芯谢芯褔薪懈泄 斜械蟹谢邪泻褌芯蟹薪懈泄 胁/褍,锌褉芯褋褌芯薪邪褕械,斜械蟹谢邪泻褌芯蟹薪懈泄,小懈褉 泻懈褋谢芯屑芯谢芯褔薪懈泄 斜械蟹谢邪泻褌芯蟹薪懈泄,47.0,1.0,1,48.0
yogurt_dessert|写芯谢褜褔械|胁懈褕薪褟 褔褨邪,yogurt_dessert,写芯谢褜褔械,胁懈褕薪褟 褔褨邪,袡芯谐褍褉褌 袙懈褕薪褟 褔褨邪 褋褌邪泻邪薪,写芯谢褜褔械,胁懈褕薪褟 褔褨邪,袡芯谐褍褉褌 袙懈褕薪褟-褔褨邪,47.0,1.0,1,48.0
yogurt_dessert|褎械褉屑邪|谐谢邪蟹褍褉芯胁邪薪懈泄 蟹褨 褋屑邪泻芯屑 胁邪薪褨谢褨,yogurt_dessert,褎械褉屑邪,谐谢邪蟹褍褉芯胁邪薪懈泄 蟹褨 褋屑邪泻芯屑 胁邪薪褨谢褨,小懈褉芯泻 谐谢邪蟹褍褉芯胁邪薪懈泄 蟹褨 褋屑邪泻芯屑 胁邪薪褨谢褨,褎械褉屑邪,谐谢邪蟹褍褉芯胁邪薪懈泄 蟹褨 褋屑邪泻芯屑 胁邪薪褨谢褨,小懈褉芯泻 谐谢邪蟹褍褉芯胁邪薪懈泄 蟹褨 褋屑邪泻芯屑 胁邪薪褨谢褨,47.0,1.0,1,48.0
yogurt_dessert|屑邪褉褨泄泻邪|写械褋械褉褌 褋懈褉泻芯胁懈泄 胁邪薪褨谢褜,yogurt_dessert,屑邪褉褨泄泻邪,写械褋械褉褌 褋懈褉泻芯胁懈泄 胁邪薪褨谢褜,袛械褋械褉褌 褋懈褉泻芯胁懈泄 胁邪薪褨谢褜,屑邪褉褨泄泻邪,写械褋械褉褌 褋懈褉泻芯胁懈泄 胁邪薪褨谢褜,袛械褋械褉褌 褋懈褉泻芯胁懈泄 袙邪薪褨谢褜,46.0,1.0,1,47.0
butter|泻芯屑芯|泻懈褋谢芯胁械褉褕泻芯胁械,butter,泻芯屑芯,泻懈褋谢芯胁械褉褕泻芯胁械,袦邪褋谢芯 泻懈褋谢芯胁械褉褕泻芯胁械 袝泻褋褌褉邪,泻芯屑芯,泻懈褋谢芯胁械褉褕泻芯胁械,袦邪褋谢芯 袝泻褋褌褉邪 泻懈褋谢芯胁械褉褕泻芯胁械,37.0,1.0,1,38.0
milk|褟谐芯褌懈薪褋褜泻邪|锌械褔褨,milk,褟谐芯褌懈薪褋褜泻邪,锌械褔褨,袪褟卸邪薪泻邪 蟹 锌械褔褨,褟谐芯褌懈薪褋褜泻邪,锌械褔褨,袪褟卸邪薪泻邪 蟹 锌械褔褨,25.0,1.0,1,26.0
milk|邪泄褉邪薪|onur 褌褍褉械褑褜泻懈泄 褋胁褨卸邪 褟褌邪,milk,邪泄褉邪薪,onur 褌褍褉械褑褜泻懈泄 褋胁褨卸邪 褟褌邪,Onur 孝褍褉械褑褜泻懈泄 小胁褨卸邪 屑'褟褌邪 褋褌邪泻邪薪,邪泄褉邪薪,onur 褌褍褉械褑褜泻懈泄 褋胁褨卸邪 褟褌邪,Onur 孝褍褉械褑褜泻懈泄 小胁褨卸邪 屑'褟褌邪,12.0,1.0,1,13.0
butter|prego|斜械蟹谢邪泻褌芯蟹薪械,butter,prego,斜械蟹谢邪泻褌芯蟹薪械,袦邪褋谢芯 褋芯谢芯写泻芯胁械褉褕泻芯胁械 袝泻褋褌褉邪 斜械蟹谢邪泻褌芯蟹薪械,prego,斜械蟹谢邪泻褌芯蟹薪械,袦邪褋谢芯 褋芯谢芯写泻芯胁械褉褕泻芯胁械 斜械蟹谢邪泻褌芯蟹薪械,2.0,1.0,1,3.0
milk|褋械谢褟薪褋褜泻械|milk,milk,褋械谢褟薪褋褜泻械,milk,袦芯谢芯泻芯 褍谢褜褌褉邪锌邪褋褌械褉懈蟹芯胁邪薪械,褋械谢褟薪褋褜泻械,milk,袦芯谢芯泻芯 袪芯写懈薪薪械 褍谢褜褌褉邪锌邪褋褌械褉懈蟹芯胁邪薪械,409.0,9.0,0,418.0
sour_cream|president|sour_cream,sour_cream,president,sour_cream,小屑械褌邪薪邪 褋褌邪泻邪薪,president,sour_cream,小屑械褌邪薪邪,391.0,7.0,0,398.0
milk|褟谐芯褌懈薪褋褜泻械|milk,milk,褟谐芯褌懈薪褋褜泻械,milk,袦芯谢芯泻芯 褍谢褜褌褉邪锌邪褋褌械褉懈蟹芯胁邪薪械,褟谐芯褌懈薪褋褜泻械,milk,袦芯谢芯泻芯 锌邪褋褌械褉懈蟹芯胁邪薪械,361.0,9.0,0,370.0
milk|褎械褉屑邪|milk,milk,褎械褉屑邪,milk,袪褟卸邪薪泻邪,褎械褉屑邪,milk,袦芯谢芯泻芯 锌邪褋褌械褉懈蟹芯胁邪薪械,336.0,5.0,0,341.0
milk|胁芯谢芯褕泻芯胁械 锌芯谢械|milk,milk,胁芯谢芯褕泻芯胁械 锌芯谢械,milk,袣械褎褨褉 袛芯屑邪褕薪褨泄 褌械褉屑芯褋褌邪褌薪懈泄 锌/械,胁芯谢芯褕泻芯胁械 锌芯谢械,milk,袣械褎褨褉,339.0,1.0,0,340.0
milk|褋械谢褟薪褋褜泻懈泄|milk,milk,褋械谢褟薪褋褜泻懈泄,milk,袣械褎褨褉 锌懈褌薪懈泄,褋械谢褟薪褋褜泻懈泄,milk,袣械褎褨褉,336.0,3.0,0,339.0
milk|褟谐芯褌懈薪褋褜泻懈泄|milk,milk,褟谐芯褌懈薪褋褜泻懈泄,milk,袣械褎褨褉 锌/锌,褟谐芯褌懈薪褋褜泻懈泄,milk,袣械褎褨褉,288.0,7.0,0,295.0
milk|屑芯谢芯泻褨褟|milk,milk,屑芯谢芯泻褨褟,milk,袣械褎褨褉 锌懈褌薪懈泄,屑芯谢芯泻褨褟,milk,袣械褎褨褉 锌懈褌薪懈泄,288.0,3.0,0,291.0
sour_cream|褟谐芯褌懈薪褋褜泻邪|sour_cream,sour_cream,褟谐芯褌懈薪褋褜泻邪,sour_cream,小屑械褌邪薪邪 锌/械,褟谐芯褌懈薪褋褜泻邪,sour_cream,小屑械褌邪薪邪,240.0,6.0,0,246.0
cottage_cheese|斜褨谢芯|cottage_cheese,cottage_cheese,斜褨谢芯,cottage_cheese,小懈褉 泻懈褋谢芯屑芯谢芯褔薪懈泄 袛芯屑邪褕薪褨泄,斜褨谢芯,cottage_cheese,小懈褉 泻懈褋谢芯屑芯谢芯褔薪懈泄,240.0,5.0,0,245.0
sour_cream|锌褉芯褋褌芯薪邪褕械|sour_cream,sour_cream,锌褉芯褋褌芯薪邪褕械,sour_cream,小屑械褌邪薪邪 褋褌邪泻邪薪,锌褉芯褋褌芯薪邪褕械,sour_cream,小屑械褌邪薪邪,240.0,5.0,0,245.0
cream|谐邪谢懈褔懈薪邪|褍谢褜褌褉邪锌邪褋褌械褉懈蟹芯胁邪薪褨,cream,谐邪谢懈褔懈薪邪,褍谢褜褌褉邪锌邪褋褌械褉懈蟹芯胁邪薪褨,袙械褉褕泻懈 褍谢褜褌褉邪锌邪褋褌械褉懈蟹芯胁邪薪褨,谐邪谢懈褔懈薪邪,褍谢褜褌褉邪锌邪褋褌械褉懈蟹芯胁邪薪褨,袙械褉褕泻懈 褍谢褜褌褉邪锌邪褋褌械褉懈蟹芯胁邪薪褨,239.0,3.0,0,242.0
sour_cream|褎械褉屑邪|sour_cream,sour_cream,褎械褉屑邪,sour_cream,小屑械褌邪薪邪 褋褌邪泻邪薪,褎械褉屑邪,sour_cream,小屑械褌邪薪邪,240.0,2.0,0,242.0
cottage_cheese|president|褋懈褉薪邪 褌褉邪写懈褑褨褟,cottage_cheese,president,褋懈褉薪邪 褌褉邪写懈褑褨褟,小懈褉 泻懈褋谢芯屑芯谢芯褔薪懈泄 小懈褉薪邪 孝褉邪写懈褑褨褟 胁邪薪薪芯褔泻邪,president,褋懈褉薪邪 褌褉邪写懈褑褨褟,小懈褉 泻懈褋谢芯屑芯谢芯褔薪懈泄 小懈褉薪邪 褌褉邪写懈褑褨褟,240.0,1.0,0,241.0
milk|褋谢芯胁 褟薪芯褔泻邪|milk,milk,褋谢芯胁 褟薪芯褔泻邪,milk,袦芯谢芯泻芯 褍谢褜褌褉邪锌邪褋褌械褉懈蟹芯胁邪薪械 褌/锌,褋谢芯胁 褟薪芯褔泻邪,milk,袪褟卸邪薪泻邪,205.0,3.0,0,208.0
milk|谐邪谢懈褔懈薪邪|milk,milk,谐邪谢懈褔懈薪邪,milk,袦芯谢芯泻芯 褍谢褜褌褉邪锌邪褋褌械褉懈蟹芯胁邪薪械,谐邪谢懈褔懈薪邪,milk,袦芯谢芯泻芯 褍谢褜褌褉邪锌邪褋褌械褉懈蟹芯胁邪薪械,198.0,6.0,0,204.0
cream|锌褉芯褋褌芯薪邪褕械|cream,cream,锌褉芯褋褌芯薪邪褕械,cream,袙械褉褕泻懈 褌/斜,锌褉芯褋褌芯薪邪褕械,cream,袙械褉褕泻懈 褋褌械褉懈谢褨蟹芯胁邪薪褨,194.0,4.0,0,198.0
milk|organic|milk 芯褉谐邪薪褨褔薪械,milk,organic,milk 芯褉谐邪薪褨褔薪械,袦芯谢芯泻芯 锌邪褋褌械褉懈蟹芯胁邪薪械 Milk 芯褉谐邪薪褨褔薪械 锌谢褟褕泻邪,organic,milk 芯褉谐邪薪褨褔薪械,袦芯谢芯泻芯 Milk 芯褉谐邪薪褨褔薪械 褍谢褜褌褉邪锌邪褋褌械褉懈蟹芯胁邪薪械,194.0,3.0,0,197.0
milk|organic|milk 芯褉谐邪薪褨褔薪懈泄,milk,organic,milk 芯褉谐邪薪褨褔薪懈泄,袣械褎褨褉 Milk 褌械褉屑芯褋褌邪褌薪懈泄 芯褉谐邪薪褨褔薪懈泄 锌谢褟褕泻邪,organic,milk 芯褉谐邪薪褨褔薪懈泄,袣械褎褨褉 Milk 褌械褉屑芯褋褌邪褌薪懈泄 芯褉谐邪薪褨褔薪懈泄,195.0,1.0,0,196.0
cream|褋械谢褟薪褋褜泻褨|褍谢褜褌褉邪锌邪褋褌械褉懈蟹芯胁邪薪褨,cream,褋械谢褟薪褋褜泻褨,褍谢褜褌褉邪锌邪褋褌械褉懈蟹芯胁邪薪褨,袙械褉褕泻懈 褍谢褜褌褉邪锌邪褋褌械褉懈蟹芯胁邪薪褨,褋械谢褟薪褋褜泻褨,褍谢褜褌褉邪锌邪褋褌械褉懈蟹芯胁邪薪褨,袙械褉褕泻懈 褍谢褜褌褉邪锌邪褋褌械褉懈蟹芯胁邪薪褨,192.0,3.0,0,195.0
sour_cream|胁芯谢芯褕泻芯胁械 锌芯谢械|sour_cream,sour_cream,胁芯谢芯褕泻芯胁械 锌芯谢械,sour_cream,小屑械褌邪薪邪 褌械褉屑芯褋褌邪褌薪邪 褋褌邪泻邪薪,胁芯谢芯褕泻芯胁械 锌芯谢械,sour_cream,小屑械褌邪薪邪,156.0,6.0,0,162.0
milk|褟谐芯褌懈薪褋褜泻邪|milk,milk,褟谐芯褌懈薪褋褜泻邪,milk,袪褟卸邪薪泻邪 褋褌邪泻邪薪,褟谐芯褌懈薪褋褜泻邪,milk,袪褟卸邪薪泻邪,156.0,3.0,0,159.0
sour_cream|褋械谢褟薪褋褜泻邪|sour_cream,sour_cream,褋械谢褟薪褋褜泻邪,sour_cream,小屑械褌邪薪邪,褋械谢褟薪褋褜泻邪,sour_cream,小屑械褌邪薪邪,144.0,6.0,0,150.0
yogurt_dessert|谐邪谢懈褔懈薪邪|泻邪褉锌邪褌褋褜泻懈泄 斜械蟹 褑褍泻褉褍,yogurt_dessert,谐邪谢懈褔懈薪邪,泻邪褉锌邪褌褋褜泻懈泄 斜械蟹 褑褍泻褉褍,袡芯谐褍褉褌 袣邪褉锌邪褌褋褜泻懈泄 斜械蟹 褑褍泻褉褍,谐邪谢懈褔懈薪邪,泻邪褉锌邪褌褋褜泻懈泄 斜械蟹 褑褍泻褉褍,袡芯谐褍褉褌 袣邪褉锌邪褌褋褜泻懈泄 斜械蟹 褑褍泻褉褍,144.0,6.0,0,150.0
sour_cream|屑芯谢芯泻褨褟|sour_cream,sour_cream,屑芯谢芯泻褨褟,sour_cream,小屑械褌邪薪邪 褋褌邪泻邪薪,屑芯谢芯泻褨褟,sour_cream,小屑械褌邪薪邪,144.0,4.0,0,148.0
sour_cream|organic|milk 芯褉谐邪薪褨褔薪邪,sour_cream,organic,milk 芯褉谐邪薪褨褔薪邪,小屑械褌邪薪邪 Milk 褌械褉屑芯褋褌邪褌薪邪 芯褉谐邪薪褨褔薪邪 褋褌邪泻邪薪,organic,milk 芯褉谐邪薪褨褔薪邪,小屑械褌邪薪邪 Milk 芯褉谐邪薪褨褔薪邪 褌械褉屑芯褋褌邪褌薪邪,146.0,1.0,0,147.0
cottage_cheese|胁芯谢芯褕泻芯胁械 锌芯谢械|cottage_cheese,cottage_cheese,胁芯谢芯褕泻芯胁械 锌芯谢械,cottage_cheese,小懈褉 泻懈褋谢芯屑芯谢芯褔薪懈泄 锌邪泻械褌,胁芯谢芯褕泻芯胁械 锌芯谢械,cottage_cheese,小懈褉 泻懈褋谢芯屑芯谢芯褔薪懈泄,144.0,2.0,0,146.0
cottage_cheese|屑芯谢芯泻褨褟|cottage_cheese,cottage_cheese,屑芯谢芯泻褨褟,cottage_cheese,小懈褉 泻懈褋谢芯屑芯谢芯褔薪懈泄,屑芯谢芯泻褨褟,cottage_cheese,小懈褉 泻懈褋谢芯屑芯谢芯褔薪懈泄,144.0,2.0,0,146.0
milk|谐邪谢懈褔懈薪邪|斜械蟹谢邪泻褌芯蟹薪械,milk,谐邪谢懈褔懈薪邪,斜械蟹谢邪泻褌芯蟹薪械,袦芯谢芯泻芯 褍谢褜褌褉邪锌邪褋褌械褉懈蟹芯胁邪薪械 斜械蟹谢邪泻褌芯蟹薪械,谐邪谢懈褔懈薪邪,斜械蟹谢邪泻褌芯蟹薪械,袦芯谢芯泻芯 斜械蟹谢邪泻褌芯蟹薪械,144.0,2.0,0,146.0
yogurt_dessert|danone|锌芯谢褍薪懈褑褟,yogurt_dessert,danone,锌芯谢褍薪懈褑褟,袡芯谐褍褉褌 袩芯谢褍薪懈褑褟 褋褌邪泻邪薪,danone,锌芯谢褍薪懈褑褟,袡芯谐褍褉褌 锌芯谢褍薪懈褑褟,144.0,2.0,0,146.0
yogurt_dessert|褎邪薪薪褨|锌械褉褋懈泻,yogurt_dessert,褎邪薪薪褨,锌械褉褋懈泻,袡芯谐褍褉褌 袩械褉褋懈泻 锌懈褌薪懈泄 锌谢褟褕泻邪,褎邪薪薪褨,锌械褉褋懈泻,袡芯谐褍褉褌 袩械褉褋懈泻,145.0,1.0,0,146.0
milk|谐邪谢懈褔懈薪邪|泻邪褉锌邪褌褋褜泻懈泄,milk,谐邪谢懈褔懈薪邪,泻邪褉锌邪褌褋褜泻懈泄,袣械褎褨褉 袣邪褉锌邪褌褋褜泻懈泄,谐邪谢懈褔懈薪邪,泻邪褉锌邪褌褋褜泻懈泄,袣械褎褨褉 袣邪褉锌邪褌褋褜泻懈泄,144.0,1.0,0,145.0
milk|薪邪 蟹写芯褉芯胁 褟|斜械蟹谢邪泻褌芯蟹薪械,milk,薪邪 蟹写芯褉芯胁 褟,斜械蟹谢邪泻褌芯蟹薪械,袦芯谢芯泻芯 褍谢褜褌褉邪锌邪褋褌械褉懈蟹芯胁邪薪械 斜械蟹谢邪泻褌芯蟹薪械,薪邪 蟹写芯褉芯胁 褟,斜械蟹谢邪泻褌芯蟹薪械,袦芯谢芯泻芯 斜械蟹谢邪泻褌芯蟹薪械 褍谢褜褌褉邪锌邪褋褌械褉懈蟹芯胁邪薪械,144.0,1.0,0,145.0
milk|覒芯泻邪褉锌邪褌懈|milk,milk,覒芯泻邪褉锌邪褌懈,milk,袣械褎褨褉,覒芯泻邪褉锌邪褌懈,milk,袣械褎褨褉 锌懈褌薪懈泄,144.0,1.0,0,145.0
yogurt_dessert|褎邪薪薪褨|锌芯谢褍薪懈褑褟 屑邪谢懈薪邪,yogurt_dessert,褎邪薪薪褨,锌芯谢褍薪懈褑褟 屑邪谢懈薪邪,袡芯谐褍褉褌 锌芯谢褍薪懈褑褟-屑邪谢懈薪邪 锌懈褌薪懈泄 锌谢褟褕泻邪,褎邪薪薪褨,锌芯谢褍薪懈褑褟 屑邪谢懈薪邪,袡芯谐褍褉褌 袩芯谢褍薪懈褑褟-屑邪谢懈薪邪,144.0,1.0,0,145.0
cream|褟谐芯褌懈薪褋褜泻褨|褍谢褜褌褉邪锌邪褋褌械褉懈蟹芯胁邪薪褨,cream,褟谐芯褌懈薪褋褜泻褨,褍谢褜褌褉邪锌邪褋褌械褉懈蟹芯胁邪薪褨,袙械褉褕泻懈 褍谢褜褌褉邪锌邪褋褌械褉懈蟹芯胁邪薪褨 褌/卸,褟谐芯褌懈薪褋褜泻褨,褍谢褜褌褉邪锌邪褋褌械褉懈蟹芯胁邪薪褨,袙械褉褕泻懈 褍谢褜褌褉邪锌邪褋褌械褉懈蟹芯胁邪薪褨,120.0,5.0,0,125.0
sour_cream|褋谢芯胁 褟薪芯褔泻邪|sour_cream,sour_cream,褋谢芯胁 褟薪芯褔泻邪,sour_cream,小屑械褌邪薪邪 褋褌邪泻邪薪,褋谢芯胁 褟薪芯褔泻邪,sour_cream,小屑械褌邪薪邪,112.0,3.0,0,115.0
yogurt_dessert|褟谐芯褌懈薪褋褜泻懈泄|锌芯谢褍薪懈褑褟,yogurt_dessert,褟谐芯褌懈薪褋褜泻懈泄,锌芯谢褍薪懈褑褟,袡芯谐褍褉褌 锌芯谢褍薪懈褑褟 褋褌邪泻邪薪,褟谐芯褌懈薪褋褜泻懈泄,锌芯谢褍薪懈褑褟,袡芯谐褍褉褌 袩芯谢褍薪懈褑褟,101.0,3.0,0,104.0
cream|斜褍褉褜芯薪泻邪|褍谢褜褌褉邪锌邪褋褌械褉懈蟹芯胁邪薪褨,cream,斜褍褉褜芯薪泻邪,褍谢褜褌褉邪锌邪褋褌械褉懈蟹芯胁邪薪褨,袙械褉褕泻懈 褍谢褜褌褉邪锌邪褋褌械褉懈蟹芯胁邪薪褨,斜褍褉褜芯薪泻邪,褍谢褜褌褉邪锌邪褋褌械褉懈蟹芯胁邪薪褨,袙械褉褕泻懈 褍谢褜褌褉邪锌邪褋褌械褉懈蟹芯胁邪薪褨 10*,96.0,6.0,0,102.0
butter|胁芯谢芯褕泻芯胁械 锌芯谢械|butter,butter,胁芯谢芯褕泻芯胁械 锌芯谢械,butter,袦邪褋谢芯 褋芯谢芯写泻芯胁械褉褕泻芯胁械 袝泻褋褌褉邪,胁芯谢芯褕泻芯胁械 锌芯谢械,butter,袦邪褋谢芯 小械谢褟薪褋褜泻械 褋芯谢芯写泻芯胁械褉褕泻芯胁械,97.0,3.0,0,100.0
milk|锌褉芯褋褌芯薪邪褕械|milk,milk,锌褉芯褋褌芯薪邪褕械,milk,袦芯谢芯泻芯 锌邪褋褌械褉懈蟹芯胁邪薪械 锌谢褟褕泻邪,锌褉芯褋褌芯薪邪褕械,milk,袦芯谢芯泻芯 锌邪褋褌械褉懈蟹芯胁邪薪械,96.0,4.0,0,100.0
butter|褋械谢褟薪褋褜泻械|butter,butter,褋械谢褟薪褋褜泻械,butter,袦邪褋谢芯 褋芯谢芯写泻芯胁械褉褕泻芯胁械 械泻褋褌褉邪,褋械谢褟薪褋褜泻械,butter,袦邪褋谢芯 袝泻褋褌褉邪 褋芯谢芯写泻芯胁械褉褕泻芯胁械,97.0,2.0,0,99.0
yogurt_dessert|邪泻褌懈胁褨邪|斜褨褎褨写芯泄芯谐褍褉褌 邪薪邪薪邪褋,yogurt_dessert,邪泻褌懈胁褨邪,斜褨褎褨写芯泄芯谐褍褉褌 邪薪邪薪邪褋,袘褨褎褨写芯泄芯谐褍褉褌 袗薪邪薪邪褋 锌懈褌薪懈泄,邪泻褌懈胁褨邪,斜褨褎褨写芯泄芯谐褍褉褌 邪薪邪薪邪褋,袘褨褎褨写芯泄芯谐褍褉褌 邪薪邪薪邪褋,96.0,3.0,0,99.0
yogurt_dessert|屑芯谢芯泻褨褟|邪斜褉懈泻芯褋,yogurt_dessert,屑芯谢芯泻褨褟,邪斜褉懈泻芯褋,袡芯谐褍褉褌 袗斜褉懈泻芯褋 锌谢褟褕泻邪,屑芯谢芯泻褨褟,邪斜褉懈泻芯褋,袡芯谐褍褉褌 袗斜褉懈泻芯褋,96.0,3.0,0,99.0
butter|谐邪谢懈褔懈薪邪|butter,butter,谐邪谢懈褔懈薪邪,butter,袦邪褋谢芯 褋芯谢芯写泻芯胁械褉褕泻芯胁械 小械谢褟薪褋褜泻械,谐邪谢懈褔懈薪邪,butter,袦邪褋谢芯 小械谢褟薪褋褜泻械 褋芯谢芯写泻芯胁械褉褕泻芯胁械,96.0,2.0,0,98.0
butter|褉邪薪褔芯|butter,butter,褉邪薪褔芯,butter,袦邪褋谢芯 褋芯谢芯写泻芯胁械褉褕泻芯胁械 小械谢褟薪褋褜泻械,褉邪薪褔芯,butter,袦邪褋谢芯 小械谢褟薪褋褜泻械 褋芯谢芯写泻芯胁械褉褕泻芯胁械,96.0,2.0,0,98.0
butter|褟谐芯褌懈薪褋褜泻械|butter,butter,褟谐芯褌懈薪褋褜泻械,butter,袦邪褋谢芯 褋芯谢芯写泻芯胁械褉褕泻芯胁械 小械谢褟薪褋褜泻械,褟谐芯褌懈薪褋褜泻械,butter,袦邪褋谢芯 袝泻褋褌褉邪 褋芯谢芯写泻芯胁械褉褕泻芯胁械,96.0,2.0,0,98.0
cottage_cheese|褎械褉屑邪|cottage_cheese,cottage_cheese,褎械褉屑邪,cottage_cheese,小懈褉 泻懈褋谢芯屑芯谢芯褔薪懈泄,褎械褉屑邪,cottage_cheese,小懈褉 泻懈褋谢芯屑芯谢芯褔薪懈泄,96.0,2.0,0,98.0
milk|屑芯谢芯泻褨褟|谐褍褋褌懈泄,milk,屑芯谢芯泻褨褟,谐褍褋褌懈泄,袣械褎褨褉 谐褍褋褌懈泄 锌谢褟褕泻邪,屑芯谢芯泻褨褟,谐褍褋褌懈泄,袣械褎褨褉 谐褍褋褌懈泄,96.0,2.0,0,98.0
milk|褟谐芯褌懈薪褋褜泻械|锌褉褟卸械薪械,milk,褟谐芯褌懈薪褋褜泻械,锌褉褟卸械薪械,袦芯谢芯泻芯 锌褉褟卸械薪械,褟谐芯褌懈薪褋褜泻械,锌褉褟卸械薪械,袦芯谢芯泻芯 锌褉褟卸械薪械,96.0,2.0,0,98.0
sour_cream|谐邪谢懈褔懈薪邪|sour_cream,sour_cream,谐邪谢懈褔懈薪邪,sour_cream,小屑械褌邪薪邪 褋褌邪泻邪薪,谐邪谢懈褔懈薪邪,sour_cream,小屑械褌邪薪邪,96.0,2.0,0,98.0
yogurt_dessert|邪泻褌懈胁褨邪|斜褨褎褨写芯泄芯谐褍褉褌 胁懈褕薪褟 褔褨邪,yogurt_dessert,邪泻褌懈胁褨邪,斜褨褎褨写芯泄芯谐褍褉褌 胁懈褕薪褟 褔褨邪,袘褨褎褨写芯泄芯谐褍褉褌 袙懈褕薪褟 褔褨邪 锌懈褌薪懈泄,邪泻褌懈胁褨邪,斜褨褎褨写芯泄芯谐褍褉褌 胁懈褕薪褟 褔褨邪,袘褨褎褨写芯泄芯谐褍褉褌 胁懈褕薪褟-褔褨邪,96.0,2.0,0,98.0
yogurt_dessert|邪泻褌懈胁褨邪|斜褨褎褨写芯泄芯谐褍褉褌 蟹谢邪泻褨胁,yogurt_dessert,邪泻褌懈胁褨邪,斜褨褎褨写芯泄芯谐褍褉褌 蟹谢邪泻褨胁,袘褨褎褨写芯泄芯谐褍褉褌 5 蟹谢邪泻褨胁 锌懈褌薪懈泄 锌谢褟褕泻邪,邪泻褌懈胁褨邪,斜褨褎褨写芯泄芯谐褍褉褌 蟹谢邪泻褨胁,袘褨褎褨写芯泄芯谐褍褉褌 5 蟹谢邪泻褨胁,96.0,2.0,0,98.0
yogurt_dessert|邪泻褌懈胁褨邪|斜褨褎褨写芯泄芯谐褍褉褌 锌芯谢褍薪懈褑褟,yogurt_dessert,邪泻褌懈胁褨邪,斜褨褎褨写芯泄芯谐褍褉褌 锌芯谢褍薪懈褑褟,袘褨褎褨写芯泄芯谐褍褉褌 锌芯谢褍薪懈褑褟 锌懈褌薪懈泄 锌谢褟褕泻邪,邪泻褌懈胁褨邪,斜褨褎褨写芯泄芯谐褍褉褌 锌芯谢褍薪懈褑褟,袘褨褎褨写芯泄芯谐褍褉褌 袩芯谢褍薪懈褑褟,96.0,2.0,0,98.0
yogurt_dessert|屑芯谢芯泻褨褟|谢褨褋芯胁邪 褟谐芯写邪,yogurt_dessert,屑芯谢芯泻褨褟,谢褨褋芯胁邪 褟谐芯写邪,袡芯谐褍褉褌 袥褨褋芯胁邪 褟谐芯写邪 锌谢褟褕泻邪,屑芯谢芯泻褨褟,谢褨褋芯胁邪 褟谐芯写邪,袡芯谐褍褉褌 袥褨褋芯胁邪 褟谐芯写邪,96.0,2.0,0,98.0
yogurt_dessert|屑芯谢芯泻褨褟|锌芯谢褍薪懈褑褟,yogurt_dessert,屑芯谢芯泻褨褟,锌芯谢褍薪懈褑褟,袡芯谐褍褉褌 袩芯谢褍薪懈褑褟 锌谢褟褕泻邪,屑芯谢芯泻褨褟,锌芯谢褍薪懈褑褟,袡芯谐褍褉褌 袩芯谢褍薪懈褑褟,96.0,2.0,0,98.0
yogurt_dessert|褎邪薪薪褨|锌芯谢褍薪懈褑褟 斜邪薪邪薪,yogurt_dessert,褎邪薪薪褨,锌芯谢褍薪懈褑褟 斜邪薪邪薪,袡芯谐褍褉褌 锌芯谢褍薪懈褑褟-斜邪薪邪薪 锌懈褌薪懈泄 锌谢褟褕泻邪,褎邪薪薪褨,锌芯谢褍薪懈褑褟 斜邪薪邪薪,袡芯谐褍褉褌 袩芯谢褍薪懈褑褟-斜邪薪邪薪 锌懈褌薪懈泄,96.0,2.0,0,98.0
yogurt_dessert|褔褍写芯|胁懈褕薪褟 褔械褉械褕薪褟,yogurt_dessert,褔褍写芯,胁懈褕薪褟 褔械褉械褕薪褟,袡芯谐褍褉褌 袙懈褕薪褟-褔械褉械褕薪褟 锌谢褟褕泻邪,褔褍写芯,胁懈褕薪褟 褔械褉械褕薪褟,袡芯谐褍褉褌 胁懈褕薪褟-褔械褉械褕薪褟,96.0,2.0,0,98.0
yogurt_dessert|褔褍写芯|锌械褉褋懈泻 邪斜褉懈泻芯褋,yogurt_dessert,褔褍写芯,锌械褉褋懈泻 邪斜褉懈泻芯褋,袡芯谐褍褉褌 袩械褉褋懈泻-邪斜褉懈泻芯褋 锌谢褟褕泻邪,褔褍写芯,锌械褉褋懈泻 邪斜褉懈泻芯褋,袡芯谐褍褉褌 袩械褉褋懈泻-邪斜褉懈泻芯褋,96.0,2.0,0,98.0
yogurt_dessert|褔褍写芯|锌芯谢褍薪懈褑褟 褋褍薪懈褑褟,yogurt_dessert,褔褍写芯,锌芯谢褍薪懈褑褟 褋褍薪懈褑褟,袡芯谐褍褉褌 袩芯谢褍薪懈褑褟-褋褍薪懈褑褟 锌谢褟褕泻邪,褔褍写芯,锌芯谢褍薪懈褑褟 褋褍薪懈褑褟,袡芯谐褍褉褌 袩芯谢褍薪懈褑褟-褋褍薪懈褑褟,96.0,2.0,0,98.0
butter|屑芯谢芯泻褨褟|butter,butter,屑芯谢芯泻褨褟,butter,袦邪褋谢芯 褋芯谢芯写泻芯胁械褉褕泻芯胁械 械泻褋褌褉邪,屑芯谢芯泻褨褟,butter,袦邪褋谢芯 小械谢褟薪褋褜泻械 褋芯谢芯写泻芯胁械褉褕泻芯胁械,96.0,1.0,0,97.0
butter|褎械褉屑邪|butter,butter,褎械褉屑邪,butter,袦邪褋谢芯 褋芯谢芯写泻芯胁械褉褕泻芯胁械 小械谢褟薪褋褜泻械,褎械褉屑邪,butter,袦邪褋谢芯 袝泻褋褌褉邪 褋芯谢芯写泻芯胁械褉褕泻芯胁械,96.0,1.0,0,97.0
butter|褟谐芯褌懈薪褋褜泻械|斜械蟹谢邪泻褌芯蟹薪械,butter,褟谐芯褌懈薪褋褜泻械,斜械蟹谢邪泻褌芯蟹薪械,袦邪褋谢芯 褋芯谢芯写泻芯胁械褉褕泻芯胁械 斜械蟹谢邪泻褌芯蟹薪械,褟谐芯褌懈薪褋褜泻械,斜械蟹谢邪泻褌芯蟹薪械,袦邪褋谢芯 袘械蟹谢邪泻褌芯蟹薪械 褋芯谢芯写泻芯胁械褉褕泻芯胁械,96.0,1.0,0,97.0
yogurt_dessert|写芯谢褜褔械|屑邪薪谐芯,yogurt_dessert,写芯谢褜褔械,屑邪薪谐芯,袡芯谐褍褉褌 袦邪薪谐芯 褋褌邪泻邪薪,写芯谢褜褔械,屑邪薪谐芯,袡芯谐褍褉褌 袦邪薪谐芯,96.0,1.0,0,97.0
yogurt_dessert|屑芯谢芯泻褨褟|胁懈褕薪褟 薪邪 锌芯写褍褕褑褨 褟谐褨写,yogurt_dessert,屑芯谢芯泻褨褟,胁懈褕薪褟 薪邪 锌芯写褍褕褑褨 褟谐褨写,袡芯谐褍褉褌 袘褨谢懈泄 胁懈褕薪褟 薪邪 锌芯写褍褕褑褨 蟹 褟谐褨写,屑芯谢芯泻褨褟,胁懈褕薪褟 薪邪 锌芯写褍褕褑褨 褟谐褨写,袡芯谐褍褉褌 袘褨谢懈泄 袙懈褕薪褟 薪邪 锌芯写褍褕褑褨 蟹 褟谐褨写,96.0,1.0,0,97.0
yogurt_dessert|屑芯谢芯泻褨褟|褔芯褉薪懈褑褟 薪邪 锌芯写褍褕褑褨 褟谐褨写,yogurt_dessert,屑芯谢芯泻褨褟,褔芯褉薪懈褑褟 薪邪 锌芯写褍褕褑褨 褟谐褨写,袡芯谐褍褉褌 袘褨谢懈泄 褔芯褉薪懈褑褟 薪邪 锌芯写褍褕褑褨 蟹 褟谐褨写,屑芯谢芯泻褨褟,褔芯褉薪懈褑褟 薪邪 锌芯写褍褕褑褨 褟谐褨写,袡芯谐褍褉褌 袘褨谢懈泄 效芯褉薪懈褑褟 薪邪 锌芯写褍褕褑褨 蟹 褟谐褨写,96.0,1.0,0,97.0
yogurt_dessert|褉芯褋褌懈褕泻邪|斜邪薪邪薪,yogurt_dessert,褉芯褋褌懈褕泻邪,斜邪薪邪薪,袡芯谐褍褉褌 斜邪薪邪薪 褋褌邪泻邪薪,褉芯褋褌懈褕泻邪,斜邪薪邪薪,袡芯谐褍褉褌 袘邪薪邪薪,95.0,2.0,0,97.0
yogurt_dessert|褉芯褋褌懈褕泻邪|锌芯谢褍薪懈褑褟,yogurt_dessert,褉芯褋褌懈褕泻邪,锌芯谢褍薪懈褑褟,袡芯谐褍褉褌 锌芯谢褍薪懈褑褟 锌懈褌薪懈泄,褉芯褋褌懈褕泻邪,锌芯谢褍薪懈褑褟,袡芯谐褍褉褌 袩芯谢褍薪懈褑褟,95.0,2.0,0,97.0
yogurt_dessert|褎邪薪薪褨|胁懈褕薪褟,yogurt_dessert,褎邪薪薪褨,胁懈褕薪褟,袡芯谐褍褉褌 胁懈褕薪褟 褋褌邪泻邪薪,褎邪薪薪褨,胁懈褕薪褟,袡芯谐褍褉褌 胁懈褕薪褟,96.0,1.0,0,97.0
sour_cream|谐邪谢懈褔邪薪褋褜泻邪|sour_cream,sour_cream,谐邪谢懈褔邪薪褋褜泻邪,sour_cream,小屑械褌邪薪邪,谐邪谢懈褔邪薪褋褜泻邪,sour_cream,小屑械褌邪薪邪,95.0,1.0,0,96.0
yogurt_dessert|邪泻褌懈胁褨邪|斜褨褎褨写芯泄芯谐褍褉褌 褟谐芯写懈 蟹谢邪泻懈,yogurt_dessert,邪泻褌懈胁褨邪,斜褨褎褨写芯泄芯谐褍褉褌 褟谐芯写懈 蟹谢邪泻懈,袘褨褎褨写芯泄芯谐褍褉褌 携谐芯写懈 蟹谢邪泻懈 锌懈褌薪懈泄,邪泻褌懈胁褨邪,斜褨褎褨写芯泄芯谐褍褉褌 褟谐芯写懈 蟹谢邪泻懈,袘褨褎褨写芯泄芯谐褍褉褌 褟谐芯写懈-蟹谢邪泻懈,95.0,1.0,0,96.0
cottage_cheese|president|褌胁芯褉芯卸薪邪 褌褉邪写懈褑褨褟,cottage_cheese,president,褌胁芯褉芯卸薪邪 褌褉邪写懈褑褨褟,小懈褉 泻懈褋谢芯屑芯谢芯褔薪懈泄 孝胁芯褉芯卸薪邪 孝褉邪写懈褑褨褟,president,褌胁芯褉芯卸薪邪 褌褉邪写懈褑褨褟,小懈褉 泻懈褋谢芯屑芯谢芯褔薪懈泄 孝胁芯褉芯卸薪邪 褌褉邪写懈褑褨褟,54.0,4.0,0,58.0
cottage_cheese|褟谐芯褌懈薪褋褜泻懈泄|cottage_cheese,cottage_cheese,褟谐芯褌懈薪褋褜泻懈泄,cottage_cheese,小懈褉 泻懈褋谢芯屑芯谢芯褔薪懈泄,褟谐芯褌懈薪褋褜泻懈泄,cottage_cheese,小懈褉 泻懈褋谢芯屑芯谢芯褔薪懈泄 袛芯屑邪褕薪褨泄,48.0,6.0,0,54.0
milk|斜褍褉褜芯薪泻邪|milk,milk,斜褍褉褜芯薪泻邪,milk,袦芯谢芯泻芯 褍谢褜褌褉邪锌邪褋褌械褉懈蟹芯胁邪薪械,斜褍褉褜芯薪泻邪,milk,袦芯谢芯泻芯 褍谢褜褌褉邪锌邪褋褌械褉懈蟹芯胁邪薪械,48.0,4.0,0,52.0
condensed_milk|褨褔薪褟|蟹谐褍褖械薪械 薪械蟹斜懈褉邪薪械 褑褍泻褉芯屑,condensed_milk,褨褔薪褟,蟹谐褍褖械薪械 薪械蟹斜懈褉邪薪械 褑褍泻褉芯屑,袦芯谢芯泻芯 蟹谐褍褖械薪械 薪械蟹斜懈褉邪薪械 蟹 褑褍泻褉芯屑,褨褔薪褟,蟹谐褍褖械薪械 薪械蟹斜懈褉邪薪械 褑褍泻褉芯屑,袦芯谢芯泻芯 蟹谐褍褖械薪械 薪械蟹斜懈褉邪薪械 蟹 褑褍泻褉芯屑,48.0,3.0,0,51.0
yogurt_dessert|屑芯谢芯泻褨褟|锌芯谢褍薪懈褑褟 薪邪 锌芯写褍褕褑褨 褟谐褨写,yogurt_dessert,屑芯谢芯泻褨褟,锌芯谢褍薪懈褑褟 薪邪 锌芯写褍褕褑褨 褟谐褨写,袡芯谐褍褉褌 斜褨谢懈泄 锌芯谢褍薪懈褑褟 薪邪 锌芯写褍褕褑褨 蟹 褟谐褨写,屑芯谢芯泻褨褟,锌芯谢褍薪懈褑褟 薪邪 锌芯写褍褕褑褨 褟谐褨写,袡芯谐褍褉褌 袘褨谢懈泄 袩芯谢褍薪懈褑褟 薪邪 锌芯写褍褕褑褨 蟹 褟谐褨写,50.0,1.0,0,51.0
yogurt_dessert|褟谐芯褌懈薪褋褜泻懈泄|锌械褉褋懈泻,yogurt_dessert,褟谐芯褌懈薪褋褜泻懈泄,锌械褉褋懈泻,袡芯谐褍褉褌 锌械褉褋懈泻 锌谢褟褕泻邪,褟谐芯褌懈薪褋褜泻懈泄,锌械褉褋懈泻,袡芯谐褍褉褌 袩械褉褋懈泻,48.0,3.0,0,51.0
butter|斜褨谢芯|butter,butter,斜褨谢芯,butter,袦邪褋谢芯 褋芯谢芯写泻芯胁械褉褕泻芯胁械 袝泻褋褌褉邪,斜褨谢芯,butter,袦邪褋谢芯 小械谢褟薪褋褜泻械 褋芯谢芯写泻芯胁械褉褕泻芯胁械,48.0,2.0,0,50.0
butter|屑芯谢芯褔薪邪|谐褨谢褜写褨褟,butter,屑芯谢芯褔薪邪,谐褨谢褜写褨褟,袦邪褋谢芯 褋芯谢芯写泻芯胁械褉褕泻芯胁械 袚褨谢褜写褨褟 袝泻褋褌褉邪,屑芯谢芯褔薪邪,谐褨谢褜写褨褟,袦邪褋谢芯 谐褨谢褜写褨褟 小械谢褟薪褋褜泻械,48.0,2.0,0,50.0
cottage_cheese|褋胁芯褦|cottage_cheese,cottage_cheese,褋胁芯褦,cottage_cheese,小懈褉 泻懈褋谢芯屑芯谢芯褔薪懈泄,褋胁芯褦,cottage_cheese,小懈褉 泻懈褋谢芯屑芯谢芯褔薪懈泄,48.0,2.0,0,50.0
milk|lactel|胁褨褌邪屑褨薪芯屑 d3,milk,lactel,胁褨褌邪屑褨薪芯屑 d3,袦芯谢芯泻芯 褍谢褜褌褉邪锌邪褋褌械褉懈蟹芯胁邪薪械 蟹 胁褨褌邪屑褨薪芯屑 D3 褌/斜,lactel,胁褨褌邪屑褨薪芯屑 d3,袦芯谢芯泻芯 蟹 胁褨褌邪屑褨薪芯屑 D3 褍谢褜褌褉邪锌邪褋褌械褉懈蟹芯胁邪薪械,48.0,2.0,0,50.0
yogurt_dessert|谐邪谢懈褔懈薪邪|邪薪邪薪邪褋,yogurt_dessert,谐邪谢懈褔懈薪邪,邪薪邪薪邪褋,袡芯谐褍褉褌 邪薪邪薪邪褋 褋褌邪泻邪薪,谐邪谢懈褔懈薪邪,邪薪邪薪邪褋,袡芯谐褍褉褌 邪薪邪薪邪褋,48.0,2.0,0,50.0
yogurt_dessert|谐邪谢懈褔懈薪邪|泻邪褉锌邪褌褋褜泻懈泄 谢褨褋芯胁褨 褟谐芯写懈,yogurt_dessert,谐邪谢懈褔懈薪邪,泻邪褉锌邪褌褋褜泻懈泄 谢褨褋芯胁褨 褟谐芯写懈,袡芯谐褍褉褌 袣邪褉锌邪褌褋褜泻懈泄 谢褨褋芯胁褨 褟谐芯写懈,谐邪谢懈褔懈薪邪,泻邪褉锌邪褌褋褜泻懈泄 谢褨褋芯胁褨 褟谐芯写懈,袡芯谐褍褉褌 袣邪褉锌邪褌褋褜泻懈泄 袥褨褋芯胁褨 褟谐芯写懈,48.0,2.0,0,50.0
yogurt_dessert|谐邪谢懈褔懈薪邪|屑邪薪谐芯,yogurt_dessert,谐邪谢懈褔懈薪邪,屑邪薪谐芯,袡芯谐褍褉褌 屑邪薪谐芯 褋褌邪泻邪薪,谐邪谢懈褔懈薪邪,屑邪薪谐芯,袡芯谐褍褉褌 屑邪薪谐芯,48.0,2.0,0,50.0
yogurt_dessert|写芯谢褜褔械|胁懈褕薪褟,yogurt_dessert,写芯谢褜褔械,胁懈褕薪褟,袡芯谐褍褉褌 胁懈褕薪褟,写芯谢褜褔械,胁懈褕薪褟,袡芯谐褍褉褌 胁懈褕薪褟,48.0,2.0,0,50.0
yogurt_dessert|写芯谢褜褔械|写械褋械褉褌 褋懈褉泻芯胁懈泄 斜邪薪邪薪 褕芯泻芯谢邪写芯屑,yogurt_dessert,写芯谢褜褔械,写械褋械褉褌 褋懈褉泻芯胁懈泄 斜邪薪邪薪 褕芯泻芯谢邪写芯屑,袛械褋械褉褌 褋懈褉泻芯胁懈泄 斜邪薪邪薪 蟹 褕芯泻芯谢邪写芯屑,写芯谢褜褔械,写械褋械褉褌 褋懈褉泻芯胁懈泄 斜邪薪邪薪 褕芯泻芯谢邪写芯屑,袛械褋械褉褌 褋懈褉泻芯胁懈泄 斜邪薪邪薪 蟹 褕芯泻芯谢邪写芯屑,48.0,2.0,0,50.0
yogurt_dessert|屑芯谢芯泻褨褟|蟹谢邪泻懈,yogurt_dessert,屑芯谢芯泻褨褟,蟹谢邪泻懈,袡芯谐褍褉褌 袟谢邪泻懈 锌谢褟褕泻邪,屑芯谢芯泻褨褟,蟹谢邪泻懈,袡芯谐褍褉褌 袟谢邪泻懈,48.0,2.0,0,50.0
milk|邪谐褍薪褟|薪邪锌褨泄 斜褨谢邪泻褌 锌褉芯斜褨芯褌懈泻邪屑懈,milk,邪谐褍薪褟,薪邪锌褨泄 斜褨谢邪泻褌 锌褉芯斜褨芯褌懈泻邪屑懈,袧邪锌褨泄 泻懈褋谢芯屑芯谢芯褔薪懈泄 袘褨谢邪泻褌 蟹 锌褉芯斜褨芯褌懈泻邪屑懈,邪谐褍薪褟,薪邪锌褨泄 斜褨谢邪泻褌 锌褉芯斜褨芯褌懈泻邪屑懈,袧邪锌褨泄 泻懈褋谢芯屑芯谢芯褔薪懈泄 袘褨谢邪泻褌 蟹 锌褉芯斜褨芯褌懈泻邪屑懈,48.0,1.0,0,49.0
sour_cream|屑芯谢芯泻褨褟|斜械蟹谢邪泻褌芯蟹薪邪,sour_cream,屑芯谢芯泻褨褟,斜械蟹谢邪泻褌芯蟹薪邪,小屑械褌邪薪邪 斜械蟹谢邪泻褌芯蟹薪邪,屑芯谢芯泻褨褟,斜械蟹谢邪泻褌芯蟹薪邪,小屑械褌邪薪邪 斜械蟹谢邪泻褌芯蟹薪邪,48.0,1.0,0,49.0
yogurt_dessert|屑邪褉褨泄泻邪|写械褋械褉褌 褋懈褉泻芯胁懈泄 泻邪泻邪芯,yogurt_dessert,屑邪褉褨泄泻邪,写械褋械褉褌 褋懈褉泻芯胁懈泄 泻邪泻邪芯,袛械褋械褉褌 褋懈褉泻芯胁懈泄 泻邪泻邪芯,屑邪褉褨泄泻邪,写械褋械褉褌 褋懈褉泻芯胁懈泄 泻邪泻邪芯,袛械褋械褉褌 褋懈褉泻芯胁懈泄 泻邪泻邪芯,48.0,1.0,0,49.0
yogurt_dessert|褟谐芯褌懈薪褋褜泻懈泄|褌褍褉械褑褜泻懈泄,yogurt_dessert,褟谐芯褌懈薪褋褜泻懈泄,褌褍褉械褑褜泻懈泄,袡芯谐褍褉褌 孝褍褉械褑褜泻懈泄 褋褌邪泻邪薪,褟谐芯褌懈薪褋褜泻懈泄,褌褍褉械褑褜泻懈泄,袡芯谐褍褉褌 孝褍褉械褑褜泻懈泄,48.0,1.0,0,49.0
yogurt_dessert|褟谐芯褌懈薪褋褜泻懈泄|屑邪薪谐芯 褌邪 褋芯泻芯屑 屑邪褉邪泻褍泄褩,yogurt_dessert,褟谐芯褌懈薪褋褜泻懈泄,屑邪薪谐芯 褌邪 褋芯泻芯屑 屑邪褉邪泻褍泄褩,袡芯谐褍褉褌 蟹 屑邪薪谐芯 褌邪 褋芯泻芯屑 屑邪褉邪泻褍泄褩,褟谐芯褌懈薪褋褜泻懈泄,屑邪薪谐芯 褌邪 褋芯泻芯屑 屑邪褉邪泻褍泄褩,袡芯谐褍褉褌 蟹 屑邪薪谐芯 褌邪 褋芯泻芯屑 屑邪褉邪泻褍泄褩,25.0,2.0,0,27.0
yogurt_dessert|屑芯谢芯泻褨褟|yogurt_dessert,yogurt_dessert,屑芯谢芯泻褨褟,yogurt_dessert,袡芯谐褍褉褌 袘褨谢懈泄 锌懈褌薪懈泄 锌/锌,屑芯谢芯泻褨褟,yogurt_dessert,袡芯谐褍褉褌 斜褨谢懈泄,17.0,3.0,0,20.0
butter|roshen|butter,butter,roshen,butter,袦邪褋谢芯 褋芯谢芯写泻芯胁械褉褕泻芯胁械 袝泻褋褌褉邪,roshen,butter,袦邪褋谢芯 小械谢褟薪褋褜泻械 褋芯谢芯写泻芯胁械褉褕泻芯胁械,8.0,2.0,0,10.0
